"stu_id","course_id","quiz_count","individual_assignment_count","group_assignment_count","forum_count","quiz_avg_duration","individual_assignment_avg_duration","group_assignment_avg_duration","forum_avg_duration","gender","age","grade","difficulty"
1,1,"0","0","0","1",NULL,NULL,NULL,"10.0000000000000000","Female","23",59,"Hard"
1,2,"0","0","0","1",NULL,NULL,NULL,"10.0000000000000000","Female","23",80,"Easy"
1,3,"0","0","0","1",NULL,NULL,NULL,"10.0000000000000000","Female","23",79,"Medium"
1,4,"0","0","0","1",NULL,NULL,NULL,"10.0000000000000000","Female","23",76,"Medium"
1,5,"0","0","0","1",NULL,NULL,NULL,"10.0000000000000000","Female","23",51,"Hard"
2,1,"2","10","13","4","24.5000000000000000","17.0000000000000000","12.6153846153846154","12.7500000000000000","Male","23",93,"Easy"
2,2,"2","10","13","4","24.5000000000000000","17.0000000000000000","12.6153846153846154","12.7500000000000000","Male","23",56,"Hard"
2,3,"2","10","13","4","24.5000000000000000","17.0000000000000000","12.6153846153846154","12.7500000000000000","Male","23",54,"Hard"
2,4,"2","10","13","4","24.5000000000000000","17.0000000000000000","12.6153846153846154","12.7500000000000000","Male","23",62,"Medium"
2,5,"2","10","13","4","24.5000000000000000","17.0000000000000000","12.6153846153846154","12.7500000000000000","Male","23",67,"Medium"
3,1,"0","4","5","4",NULL,"13.2500000000000000","14.8000000000000000","21.5000000000000000","Male","22",79,"Medium"
3,2,"0","4","5","4",NULL,"13.2500000000000000","14.8000000000000000","21.5000000000000000","Male","22",81,"Easy"
3,3,"0","4","5","4",NULL,"13.2500000000000000","14.8000000000000000","21.5000000000000000","Male","22",84,"Easy"
3,4,"0","4","5","4",NULL,"13.2500000000000000","14.8000000000000000","21.5000000000000000","Male","22",91,"Easy"
3,5,"0","4","5","4",NULL,"13.2500000000000000","14.8000000000000000","21.5000000000000000","Male","22",82,"Easy"
4,1,"2","4","6","2","12.0000000000000000","15.7500000000000000","22.8333333333333333","16.5000000000000000","Male","21",97,"Easy"
4,2,"2","4","6","2","12.0000000000000000","15.7500000000000000","22.8333333333333333","16.5000000000000000","Male","21",75,"Medium"
4,3,"2","4","6","2","12.0000000000000000","15.7500000000000000","22.8333333333333333","16.5000000000000000","Male","21",88,"Easy"
4,4,"2","4","6","2","12.0000000000000000","15.7500000000000000","22.8333333333333333","16.5000000000000000","Male","21",67,"Medium"
4,5,"2","4","6","2","12.0000000000000000","15.7500000000000000","22.8333333333333333","16.5000000000000000","Male","21",82,"Easy"
5,1,"2","10","11","6","7.0000000000000000","19.3000000000000000","15.6363636363636364","19.8333333333333333","Male","25",60,"Medium"
5,2,"2","10","11","6","7.0000000000000000","19.3000000000000000","15.6363636363636364","19.8333333333333333","Male","25",98,"Easy"
5,3,"2","10","11","6","7.0000000000000000","19.3000000000000000","15.6363636363636364","19.8333333333333333","Male","25",97,"Easy"
5,4,"2","10","11","6","7.0000000000000000","19.3000000000000000","15.6363636363636364","19.8333333333333333","Male","25",97,"Easy"
5,5,"2","10","11","6","7.0000000000000000","19.3000000000000000","15.6363636363636364","19.8333333333333333","Male","25",56,"Hard"
6,1,"2","6","15","4","17.0000000000000000","17.5000000000000000","16.2666666666666667","21.2500000000000000","Male","21",83,"Easy"
6,2,"2","6","15","4","17.0000000000000000","17.5000000000000000","16.2666666666666667","21.2500000000000000","Male","21",83,"Easy"
6,3,"2","6","15","4","17.0000000000000000","17.5000000000000000","16.2666666666666667","21.2500000000000000","Male","21",82,"Easy"
6,4,"2","6","15","4","17.0000000000000000","17.5000000000000000","16.2666666666666667","21.2500000000000000","Male","21",88,"Easy"
6,5,"2","6","15","4","17.0000000000000000","17.5000000000000000","16.2666666666666667","21.2500000000000000","Male","21",96,"Easy"
7,1,"2","8","11","4","13.5000000000000000","11.3750000000000000","17.4545454545454545","15.7500000000000000","Female","25",73,"Medium"
7,2,"2","8","11","4","13.5000000000000000","11.3750000000000000","17.4545454545454545","15.7500000000000000","Female","25",76,"Medium"
7,3,"2","8","11","4","13.5000000000000000","11.3750000000000000","17.4545454545454545","15.7500000000000000","Female","25",87,"Easy"
7,4,"2","8","11","4","13.5000000000000000","11.3750000000000000","17.4545454545454545","15.7500000000000000","Female","25",88,"Easy"
7,5,"2","8","11","4","13.5000000000000000","11.3750000000000000","17.4545454545454545","15.7500000000000000","Female","25",67,"Medium"
8,1,"2","10","13","7","17.0000000000000000","17.7000000000000000","18.4615384615384615","21.4285714285714286","Male","25",71,"Medium"
8,2,"2","10","13","7","17.0000000000000000","17.7000000000000000","18.4615384615384615","21.4285714285714286","Male","25",54,"Hard"
8,3,"2","10","13","7","17.0000000000000000","17.7000000000000000","18.4615384615384615","21.4285714285714286","Male","25",60,"Medium"
8,4,"2","10","13","7","17.0000000000000000","17.7000000000000000","18.4615384615384615","21.4285714285714286","Male","25",52,"Hard"
8,5,"2","10","13","7","17.0000000000000000","17.7000000000000000","18.4615384615384615","21.4285714285714286","Male","25",57,"Hard"
9,1,"1","9","15","4","25.0000000000000000","15.4444444444444444","19.1333333333333333","20.2500000000000000","Female","24",52,"Hard"
9,2,"1","9","15","4","25.0000000000000000","15.4444444444444444","19.1333333333333333","20.2500000000000000","Female","24",74,"Medium"
9,3,"1","9","15","4","25.0000000000000000","15.4444444444444444","19.1333333333333333","20.2500000000000000","Female","24",71,"Medium"
9,4,"1","9","15","4","25.0000000000000000","15.4444444444444444","19.1333333333333333","20.2500000000000000","Female","24",66,"Medium"
9,5,"1","9","15","4","25.0000000000000000","15.4444444444444444","19.1333333333333333","20.2500000000000000","Female","24",86,"Easy"
10,1,"2","7","14","6","14.5000000000000000","18.8571428571428571","17.7857142857142857","17.8333333333333333","Female","21",66,"Medium"
10,2,"2","7","14","6","14.5000000000000000","18.8571428571428571","17.7857142857142857","17.8333333333333333","Female","21",71,"Medium"
10,3,"2","7","14","6","14.5000000000000000","18.8571428571428571","17.7857142857142857","17.8333333333333333","Female","21",84,"Easy"
10,4,"2","7","14","6","14.5000000000000000","18.8571428571428571","17.7857142857142857","17.8333333333333333","Female","21",69,"Medium"
10,5,"2","7","14","6","14.5000000000000000","18.8571428571428571","17.7857142857142857","17.8333333333333333","Female","21",93,"Easy"
11,1,"1","7","11","4","8.0000000000000000","14.8571428571428571","22.6363636363636364","22.2500000000000000","Female","24",75,"Medium"
11,2,"1","7","11","4","8.0000000000000000","14.8571428571428571","22.6363636363636364","22.2500000000000000","Female","24",82,"Easy"
11,3,"1","7","11","4","8.0000000000000000","14.8571428571428571","22.6363636363636364","22.2500000000000000","Female","24",66,"Medium"
11,4,"1","7","11","4","8.0000000000000000","14.8571428571428571","22.6363636363636364","22.2500000000000000","Female","24",87,"Easy"
11,5,"1","7","11","4","8.0000000000000000","14.8571428571428571","22.6363636363636364","22.2500000000000000","Female","24",75,"Medium"
12,1,"1","10","12","7","22.0000000000000000","13.8000000000000000","20.1666666666666667","16.4285714285714286","Female","21",88,"Easy"
12,2,"1","10","12","7","22.0000000000000000","13.8000000000000000","20.1666666666666667","16.4285714285714286","Female","21",66,"Medium"
12,3,"1","10","12","7","22.0000000000000000","13.8000000000000000","20.1666666666666667","16.4285714285714286","Female","21",88,"Easy"
12,4,"1","10","12","7","22.0000000000000000","13.8000000000000000","20.1666666666666667","16.4285714285714286","Female","21",58,"Hard"
12,5,"1","10","12","7","22.0000000000000000","13.8000000000000000","20.1666666666666667","16.4285714285714286","Female","21",75,"Medium"
13,1,"3","10","10","5","19.3333333333333333","17.6000000000000000","19.0000000000000000","20.0000000000000000","Female","20",59,"Hard"
13,2,"3","10","10","5","19.3333333333333333","17.6000000000000000","19.0000000000000000","20.0000000000000000","Female","20",81,"Easy"
13,3,"3","10","10","5","19.3333333333333333","17.6000000000000000","19.0000000000000000","20.0000000000000000","Female","20",92,"Easy"
13,4,"3","10","10","5","19.3333333333333333","17.6000000000000000","19.0000000000000000","20.0000000000000000","Female","20",83,"Easy"
13,5,"3","10","10","5","19.3333333333333333","17.6000000000000000","19.0000000000000000","20.0000000000000000","Female","20",70,"Medium"
14,1,"2","1","9","3","29.0000000000000000","27.0000000000000000","20.6666666666666667","18.3333333333333333","Male","19",94,"Easy"
14,2,"2","1","9","3","29.0000000000000000","27.0000000000000000","20.6666666666666667","18.3333333333333333","Male","19",80,"Easy"
14,3,"2","1","9","3","29.0000000000000000","27.0000000000000000","20.6666666666666667","18.3333333333333333","Male","19",52,"Hard"
14,4,"2","1","9","3","29.0000000000000000","27.0000000000000000","20.6666666666666667","18.3333333333333333","Male","19",94,"Easy"
14,5,"2","1","9","3","29.0000000000000000","27.0000000000000000","20.6666666666666667","18.3333333333333333","Male","19",71,"Medium"
15,1,"2","12","10","7","22.5000000000000000","16.3333333333333333","15.1000000000000000","19.7142857142857143","Male","23",85,"Easy"
15,2,"2","12","10","7","22.5000000000000000","16.3333333333333333","15.1000000000000000","19.7142857142857143","Male","23",64,"Medium"
15,3,"2","12","10","7","22.5000000000000000","16.3333333333333333","15.1000000000000000","19.7142857142857143","Male","23",68,"Medium"
15,4,"2","12","10","7","22.5000000000000000","16.3333333333333333","15.1000000000000000","19.7142857142857143","Male","23",84,"Easy"
15,5,"2","12","10","7","22.5000000000000000","16.3333333333333333","15.1000000000000000","19.7142857142857143","Male","23",93,"Easy"
16,1,"3","10","13","6","22.0000000000000000","12.7000000000000000","16.1538461538461538","14.1666666666666667","Male","20",83,"Easy"
16,2,"3","10","13","6","22.0000000000000000","12.7000000000000000","16.1538461538461538","14.1666666666666667","Male","20",85,"Easy"
16,3,"3","10","13","6","22.0000000000000000","12.7000000000000000","16.1538461538461538","14.1666666666666667","Male","20",92,"Easy"
16,4,"3","10","13","6","22.0000000000000000","12.7000000000000000","16.1538461538461538","14.1666666666666667","Male","20",77,"Medium"
16,5,"3","10","13","6","22.0000000000000000","12.7000000000000000","16.1538461538461538","14.1666666666666667","Male","20",80,"Easy"
17,1,"1","9","12","7","6.0000000000000000","18.5555555555555556","18.8333333333333333","20.0000000000000000","Female","20",72,"Medium"
17,2,"1","9","12","7","6.0000000000000000","18.5555555555555556","18.8333333333333333","20.0000000000000000","Female","20",74,"Medium"
17,3,"1","9","12","7","6.0000000000000000","18.5555555555555556","18.8333333333333333","20.0000000000000000","Female","20",59,"Hard"
17,4,"1","9","12","7","6.0000000000000000","18.5555555555555556","18.8333333333333333","20.0000000000000000","Female","20",58,"Hard"
17,5,"1","9","12","7","6.0000000000000000","18.5555555555555556","18.8333333333333333","20.0000000000000000","Female","20",81,"Easy"
18,1,"1","8","13","8","26.0000000000000000","17.6250000000000000","16.2307692307692308","18.1250000000000000","Female","24",64,"Medium"
18,2,"1","8","13","8","26.0000000000000000","17.6250000000000000","16.2307692307692308","18.1250000000000000","Female","24",85,"Easy"
18,3,"1","8","13","8","26.0000000000000000","17.6250000000000000","16.2307692307692308","18.1250000000000000","Female","24",65,"Medium"
18,4,"1","8","13","8","26.0000000000000000","17.6250000000000000","16.2307692307692308","18.1250000000000000","Female","24",70,"Medium"
18,5,"1","8","13","8","26.0000000000000000","17.6250000000000000","16.2307692307692308","18.1250000000000000","Female","24",64,"Medium"
19,1,"1","9","12","5","17.0000000000000000","16.2222222222222222","18.0000000000000000","16.6000000000000000","Female","20",52,"Hard"
19,2,"1","9","12","5","17.0000000000000000","16.2222222222222222","18.0000000000000000","16.6000000000000000","Female","20",63,"Medium"
19,3,"1","9","12","5","17.0000000000000000","16.2222222222222222","18.0000000000000000","16.6000000000000000","Female","20",96,"Easy"
19,4,"1","9","12","5","17.0000000000000000","16.2222222222222222","18.0000000000000000","16.6000000000000000","Female","20",61,"Medium"
19,5,"1","9","12","5","17.0000000000000000","16.2222222222222222","18.0000000000000000","16.6000000000000000","Female","20",83,"Easy"
20,1,"2","9","10","5","15.5000000000000000","19.6666666666666667","18.3000000000000000","22.6000000000000000","Female","20",69,"Medium"
20,2,"2","9","10","5","15.5000000000000000","19.6666666666666667","18.3000000000000000","22.6000000000000000","Female","20",74,"Medium"
20,3,"2","9","10","5","15.5000000000000000","19.6666666666666667","18.3000000000000000","22.6000000000000000","Female","20",83,"Easy"
20,4,"2","9","10","5","15.5000000000000000","19.6666666666666667","18.3000000000000000","22.6000000000000000","Female","20",88,"Easy"
20,5,"2","9","10","5","15.5000000000000000","19.6666666666666667","18.3000000000000000","22.6000000000000000","Female","20",75,"Medium"
21,1,"1","9","12","4","21.0000000000000000","17.1111111111111111","20.5833333333333333","17.7500000000000000","Female","22",60,"Medium"
21,2,"1","9","12","4","21.0000000000000000","17.1111111111111111","20.5833333333333333","17.7500000000000000","Female","22",57,"Hard"
21,3,"1","9","12","4","21.0000000000000000","17.1111111111111111","20.5833333333333333","17.7500000000000000","Female","22",70,"Medium"
21,4,"1","9","12","4","21.0000000000000000","17.1111111111111111","20.5833333333333333","17.7500000000000000","Female","22",99,"Easy"
21,5,"1","9","12","4","21.0000000000000000","17.1111111111111111","20.5833333333333333","17.7500000000000000","Female","22",76,"Medium"
22,1,"2","8","10","7","18.5000000000000000","13.8750000000000000","15.4000000000000000","15.5714285714285714","Male","21",87,"Easy"
22,2,"2","8","10","7","18.5000000000000000","13.8750000000000000","15.4000000000000000","15.5714285714285714","Male","21",52,"Hard"
22,3,"2","8","10","7","18.5000000000000000","13.8750000000000000","15.4000000000000000","15.5714285714285714","Male","21",83,"Easy"
22,4,"2","8","10","7","18.5000000000000000","13.8750000000000000","15.4000000000000000","15.5714285714285714","Male","21",84,"Easy"
22,5,"2","8","10","7","18.5000000000000000","13.8750000000000000","15.4000000000000000","15.5714285714285714","Male","21",98,"Easy"
23,1,"1","9","12","4","19.0000000000000000","9.6666666666666667","17.0833333333333333","13.2500000000000000","Female","25",91,"Easy"
23,2,"1","9","12","4","19.0000000000000000","9.6666666666666667","17.0833333333333333","13.2500000000000000","Female","25",88,"Easy"
23,3,"1","9","12","4","19.0000000000000000","9.6666666666666667","17.0833333333333333","13.2500000000000000","Female","25",73,"Medium"
23,4,"1","9","12","4","19.0000000000000000","9.6666666666666667","17.0833333333333333","13.2500000000000000","Female","25",65,"Medium"
23,5,"1","9","12","4","19.0000000000000000","9.6666666666666667","17.0833333333333333","13.2500000000000000","Female","25",60,"Medium"
24,1,"1","8","11","6","20.0000000000000000","19.8750000000000000","15.4545454545454545","14.0000000000000000","Female","25",62,"Medium"
24,2,"1","8","11","6","20.0000000000000000","19.8750000000000000","15.4545454545454545","14.0000000000000000","Female","25",87,"Easy"
24,3,"1","8","11","6","20.0000000000000000","19.8750000000000000","15.4545454545454545","14.0000000000000000","Female","25",53,"Hard"
24,4,"1","8","11","6","20.0000000000000000","19.8750000000000000","15.4545454545454545","14.0000000000000000","Female","25",71,"Medium"
24,5,"1","8","11","6","20.0000000000000000","19.8750000000000000","15.4545454545454545","14.0000000000000000","Female","25",75,"Medium"
25,1,"1","3","0","0","8.0000000000000000","10.0000000000000000",NULL,NULL,"Female","18",70,"Medium"
25,2,"1","3","0","0","8.0000000000000000","10.0000000000000000",NULL,NULL,"Female","18",71,"Medium"
25,3,"1","3","0","0","8.0000000000000000","10.0000000000000000",NULL,NULL,"Female","18",71,"Medium"
25,4,"1","3","0","0","8.0000000000000000","10.0000000000000000",NULL,NULL,"Female","18",99,"Easy"
25,5,"1","3","0","0","8.0000000000000000","10.0000000000000000",NULL,NULL,"Female","18",63,"Medium"
26,1,"2","9","12","6","12.0000000000000000","15.6666666666666667","15.3333333333333333","13.5000000000000000","Female","20",88,"Easy"
26,2,"2","9","12","6","12.0000000000000000","15.6666666666666667","15.3333333333333333","13.5000000000000000","Female","20",71,"Medium"
26,3,"2","9","12","6","12.0000000000000000","15.6666666666666667","15.3333333333333333","13.5000000000000000","Female","20",91,"Easy"
26,4,"2","9","12","6","12.0000000000000000","15.6666666666666667","15.3333333333333333","13.5000000000000000","Female","20",56,"Hard"
26,5,"2","9","12","6","12.0000000000000000","15.6666666666666667","15.3333333333333333","13.5000000000000000","Female","20",66,"Medium"
27,1,"2","12","11","7","17.0000000000000000","17.5000000000000000","13.5454545454545455","14.8571428571428571","Female","23",55,"Hard"
27,2,"2","12","11","7","17.0000000000000000","17.5000000000000000","13.5454545454545455","14.8571428571428571","Female","23",76,"Medium"
27,3,"2","12","11","7","17.0000000000000000","17.5000000000000000","13.5454545454545455","14.8571428571428571","Female","23",71,"Medium"
27,4,"2","12","11","7","17.0000000000000000","17.5000000000000000","13.5454545454545455","14.8571428571428571","Female","23",100,"Easy"
27,5,"2","12","11","7","17.0000000000000000","17.5000000000000000","13.5454545454545455","14.8571428571428571","Female","23",62,"Medium"
28,1,"1","11","12","6","30.0000000000000000","16.2727272727272727","15.1666666666666667","15.8333333333333333","Female","20",92,"Easy"
28,2,"1","11","12","6","30.0000000000000000","16.2727272727272727","15.1666666666666667","15.8333333333333333","Female","20",81,"Easy"
28,3,"1","11","12","6","30.0000000000000000","16.2727272727272727","15.1666666666666667","15.8333333333333333","Female","20",77,"Medium"
28,4,"1","11","12","6","30.0000000000000000","16.2727272727272727","15.1666666666666667","15.8333333333333333","Female","20",81,"Easy"
28,5,"1","11","12","6","30.0000000000000000","16.2727272727272727","15.1666666666666667","15.8333333333333333","Female","20",71,"Medium"
29,1,"1","5","5","1","17.0000000000000000","23.0000000000000000","10.0000000000000000","19.0000000000000000","Female","23",94,"Easy"
29,2,"1","5","5","1","17.0000000000000000","23.0000000000000000","10.0000000000000000","19.0000000000000000","Female","23",55,"Hard"
29,3,"1","5","5","1","17.0000000000000000","23.0000000000000000","10.0000000000000000","19.0000000000000000","Female","23",85,"Easy"
29,4,"1","5","5","1","17.0000000000000000","23.0000000000000000","10.0000000000000000","19.0000000000000000","Female","23",99,"Easy"
29,5,"1","5","5","1","17.0000000000000000","23.0000000000000000","10.0000000000000000","19.0000000000000000","Female","23",88,"Easy"
30,1,"2","10","11","7","8.5000000000000000","15.9000000000000000","15.6363636363636364","17.7142857142857143","Female","22",80,"Easy"
30,2,"2","10","11","7","8.5000000000000000","15.9000000000000000","15.6363636363636364","17.7142857142857143","Female","22",76,"Medium"
30,3,"2","10","11","7","8.5000000000000000","15.9000000000000000","15.6363636363636364","17.7142857142857143","Female","22",81,"Easy"
30,4,"2","10","11","7","8.5000000000000000","15.9000000000000000","15.6363636363636364","17.7142857142857143","Female","22",94,"Easy"
30,5,"2","10","11","7","8.5000000000000000","15.9000000000000000","15.6363636363636364","17.7142857142857143","Female","22",66,"Medium"
31,1,"3","7","11","6","27.0000000000000000","17.2857142857142857","20.7272727272727273","24.8333333333333333","Male","19",96,"Easy"
31,2,"3","7","11","6","27.0000000000000000","17.2857142857142857","20.7272727272727273","24.8333333333333333","Male","19",68,"Medium"
31,3,"3","7","11","6","27.0000000000000000","17.2857142857142857","20.7272727272727273","24.8333333333333333","Male","19",60,"Medium"
31,4,"3","7","11","6","27.0000000000000000","17.2857142857142857","20.7272727272727273","24.8333333333333333","Male","19",65,"Medium"
31,5,"3","7","11","6","27.0000000000000000","17.2857142857142857","20.7272727272727273","24.8333333333333333","Male","19",82,"Easy"
32,1,"1","10","13","5","27.0000000000000000","19.1000000000000000","19.3846153846153846","22.2000000000000000","Female","23",60,"Medium"
32,2,"1","10","13","5","27.0000000000000000","19.1000000000000000","19.3846153846153846","22.2000000000000000","Female","23",51,"Hard"
32,3,"1","10","13","5","27.0000000000000000","19.1000000000000000","19.3846153846153846","22.2000000000000000","Female","23",96,"Easy"
32,4,"1","10","13","5","27.0000000000000000","19.1000000000000000","19.3846153846153846","22.2000000000000000","Female","23",95,"Easy"
32,5,"1","10","13","5","27.0000000000000000","19.1000000000000000","19.3846153846153846","22.2000000000000000","Female","23",92,"Easy"
33,1,"2","8","11","5","11.5000000000000000","18.5000000000000000","18.4545454545454545","19.8000000000000000","Female","25",73,"Medium"
33,2,"2","8","11","5","11.5000000000000000","18.5000000000000000","18.4545454545454545","19.8000000000000000","Female","25",68,"Medium"
33,3,"2","8","11","5","11.5000000000000000","18.5000000000000000","18.4545454545454545","19.8000000000000000","Female","25",92,"Easy"
33,4,"2","8","11","5","11.5000000000000000","18.5000000000000000","18.4545454545454545","19.8000000000000000","Female","25",95,"Easy"
33,5,"2","8","11","5","11.5000000000000000","18.5000000000000000","18.4545454545454545","19.8000000000000000","Female","25",87,"Easy"
34,1,"2","10","14","7","27.0000000000000000","16.3000000000000000","18.8571428571428571","19.4285714285714286","Female","23",94,"Easy"
34,2,"2","10","14","7","27.0000000000000000","16.3000000000000000","18.8571428571428571","19.4285714285714286","Female","23",73,"Medium"
34,3,"2","10","14","7","27.0000000000000000","16.3000000000000000","18.8571428571428571","19.4285714285714286","Female","23",100,"Easy"
34,4,"2","10","14","7","27.0000000000000000","16.3000000000000000","18.8571428571428571","19.4285714285714286","Female","23",73,"Medium"
34,5,"2","10","14","7","27.0000000000000000","16.3000000000000000","18.8571428571428571","19.4285714285714286","Female","23",71,"Medium"
35,1,"2","9","9","6","16.0000000000000000","20.6666666666666667","20.4444444444444444","16.3333333333333333","Male","23",51,"Hard"
35,2,"2","9","9","6","16.0000000000000000","20.6666666666666667","20.4444444444444444","16.3333333333333333","Male","23",60,"Medium"
35,3,"2","9","9","6","16.0000000000000000","20.6666666666666667","20.4444444444444444","16.3333333333333333","Male","23",95,"Easy"
35,4,"2","9","9","6","16.0000000000000000","20.6666666666666667","20.4444444444444444","16.3333333333333333","Male","23",64,"Medium"
35,5,"2","9","9","6","16.0000000000000000","20.6666666666666667","20.4444444444444444","16.3333333333333333","Male","23",88,"Easy"
36,1,"2","6","13","6","8.5000000000000000","17.3333333333333333","15.8461538461538462","24.6666666666666667","Female","23",71,"Medium"
36,2,"2","6","13","6","8.5000000000000000","17.3333333333333333","15.8461538461538462","24.6666666666666667","Female","23",65,"Medium"
36,3,"2","6","13","6","8.5000000000000000","17.3333333333333333","15.8461538461538462","24.6666666666666667","Female","23",96,"Easy"
36,4,"2","6","13","6","8.5000000000000000","17.3333333333333333","15.8461538461538462","24.6666666666666667","Female","23",100,"Easy"
36,5,"2","6","13","6","8.5000000000000000","17.3333333333333333","15.8461538461538462","24.6666666666666667","Female","23",98,"Easy"
37,1,"1","11","10","4","18.0000000000000000","16.2727272727272727","14.3000000000000000","19.2500000000000000","Female","20",55,"Hard"
37,2,"1","11","10","4","18.0000000000000000","16.2727272727272727","14.3000000000000000","19.2500000000000000","Female","20",90,"Easy"
37,3,"1","11","10","4","18.0000000000000000","16.2727272727272727","14.3000000000000000","19.2500000000000000","Female","20",75,"Medium"
37,4,"1","11","10","4","18.0000000000000000","16.2727272727272727","14.3000000000000000","19.2500000000000000","Female","20",77,"Medium"
37,5,"1","11","10","4","18.0000000000000000","16.2727272727272727","14.3000000000000000","19.2500000000000000","Female","20",99,"Easy"
38,1,"1","9","14","6","20.0000000000000000","19.1111111111111111","17.1428571428571429","17.6666666666666667","Female","23",80,"Easy"
38,2,"1","9","14","6","20.0000000000000000","19.1111111111111111","17.1428571428571429","17.6666666666666667","Female","23",95,"Easy"
38,3,"1","9","14","6","20.0000000000000000","19.1111111111111111","17.1428571428571429","17.6666666666666667","Female","23",75,"Medium"
38,4,"1","9","14","6","20.0000000000000000","19.1111111111111111","17.1428571428571429","17.6666666666666667","Female","23",54,"Hard"
38,5,"1","9","14","6","20.0000000000000000","19.1111111111111111","17.1428571428571429","17.6666666666666667","Female","23",60,"Medium"
39,1,"2","10","14","8","12.0000000000000000","23.8000000000000000","14.2142857142857143","14.0000000000000000","Male","24",69,"Medium"
39,2,"2","10","14","8","12.0000000000000000","23.8000000000000000","14.2142857142857143","14.0000000000000000","Male","24",73,"Medium"
39,3,"2","10","14","8","12.0000000000000000","23.8000000000000000","14.2142857142857143","14.0000000000000000","Male","24",95,"Easy"
39,4,"2","10","14","8","12.0000000000000000","23.8000000000000000","14.2142857142857143","14.0000000000000000","Male","24",81,"Easy"
39,5,"2","10","14","8","12.0000000000000000","23.8000000000000000","14.2142857142857143","14.0000000000000000","Male","24",88,"Easy"
40,1,"2","5","7","2","29.0000000000000000","18.2000000000000000","15.5714285714285714","24.0000000000000000","Female","20",53,"Hard"
40,2,"2","5","7","2","29.0000000000000000","18.2000000000000000","15.5714285714285714","24.0000000000000000","Female","20",82,"Easy"
40,3,"2","5","7","2","29.0000000000000000","18.2000000000000000","15.5714285714285714","24.0000000000000000","Female","20",52,"Hard"
40,4,"2","5","7","2","29.0000000000000000","18.2000000000000000","15.5714285714285714","24.0000000000000000","Female","20",71,"Medium"
40,5,"2","5","7","2","29.0000000000000000","18.2000000000000000","15.5714285714285714","24.0000000000000000","Female","20",94,"Easy"
41,1,"1","9","11","7","18.0000000000000000","13.5555555555555556","16.6363636363636364","15.0000000000000000","Male","24",54,"Hard"
41,2,"1","9","11","7","18.0000000000000000","13.5555555555555556","16.6363636363636364","15.0000000000000000","Male","24",80,"Easy"
41,3,"1","9","11","7","18.0000000000000000","13.5555555555555556","16.6363636363636364","15.0000000000000000","Male","24",69,"Medium"
41,4,"1","9","11","7","18.0000000000000000","13.5555555555555556","16.6363636363636364","15.0000000000000000","Male","24",86,"Easy"
41,5,"1","9","11","7","18.0000000000000000","13.5555555555555556","16.6363636363636364","15.0000000000000000","Male","24",77,"Medium"
42,1,"3","6","10","6","14.3333333333333333","16.6666666666666667","16.8000000000000000","20.5000000000000000","Male","18",58,"Hard"
42,2,"3","6","10","6","14.3333333333333333","16.6666666666666667","16.8000000000000000","20.5000000000000000","Male","18",99,"Easy"
42,3,"3","6","10","6","14.3333333333333333","16.6666666666666667","16.8000000000000000","20.5000000000000000","Male","18",79,"Medium"
42,4,"3","6","10","6","14.3333333333333333","16.6666666666666667","16.8000000000000000","20.5000000000000000","Male","18",73,"Medium"
42,5,"3","6","10","6","14.3333333333333333","16.6666666666666667","16.8000000000000000","20.5000000000000000","Male","18",94,"Easy"
43,1,"0","1","1","0",NULL,"20.0000000000000000","24.0000000000000000",NULL,"Female","22",80,"Easy"
43,2,"0","1","1","0",NULL,"20.0000000000000000","24.0000000000000000",NULL,"Female","22",78,"Medium"
43,3,"0","1","1","0",NULL,"20.0000000000000000","24.0000000000000000",NULL,"Female","22",71,"Medium"
43,4,"0","1","1","0",NULL,"20.0000000000000000","24.0000000000000000",NULL,"Female","22",80,"Easy"
43,5,"0","1","1","0",NULL,"20.0000000000000000","24.0000000000000000",NULL,"Female","22",58,"Hard"
44,1,"2","5","4","3","14.0000000000000000","19.6000000000000000","25.0000000000000000","16.0000000000000000","Female","21",87,"Easy"
44,2,"2","5","4","3","14.0000000000000000","19.6000000000000000","25.0000000000000000","16.0000000000000000","Female","21",53,"Hard"
44,3,"2","5","4","3","14.0000000000000000","19.6000000000000000","25.0000000000000000","16.0000000000000000","Female","21",52,"Hard"
44,4,"2","5","4","3","14.0000000000000000","19.6000000000000000","25.0000000000000000","16.0000000000000000","Female","21",60,"Medium"
44,5,"2","5","4","3","14.0000000000000000","19.6000000000000000","25.0000000000000000","16.0000000000000000","Female","21",81,"Easy"
45,1,"1","11","11","6","23.0000000000000000","18.9090909090909091","21.0000000000000000","19.5000000000000000","Female","22",63,"Medium"
45,2,"1","11","11","6","23.0000000000000000","18.9090909090909091","21.0000000000000000","19.5000000000000000","Female","22",77,"Medium"
45,3,"1","11","11","6","23.0000000000000000","18.9090909090909091","21.0000000000000000","19.5000000000000000","Female","22",89,"Easy"
45,4,"1","11","11","6","23.0000000000000000","18.9090909090909091","21.0000000000000000","19.5000000000000000","Female","22",73,"Medium"
45,5,"1","11","11","6","23.0000000000000000","18.9090909090909091","21.0000000000000000","19.5000000000000000","Female","22",82,"Easy"
46,1,"1","11","11","7","28.0000000000000000","19.0909090909090909","19.8181818181818182","17.2857142857142857","Female","22",54,"Hard"
46,2,"1","11","11","7","28.0000000000000000","19.0909090909090909","19.8181818181818182","17.2857142857142857","Female","22",99,"Easy"
46,3,"1","11","11","7","28.0000000000000000","19.0909090909090909","19.8181818181818182","17.2857142857142857","Female","22",77,"Medium"
46,4,"1","11","11","7","28.0000000000000000","19.0909090909090909","19.8181818181818182","17.2857142857142857","Female","22",51,"Hard"
46,5,"1","11","11","7","28.0000000000000000","19.0909090909090909","19.8181818181818182","17.2857142857142857","Female","22",59,"Hard"
47,1,"2","7","4","4","14.5000000000000000","20.2857142857142857","13.5000000000000000","13.5000000000000000","Female","19",65,"Medium"
47,2,"2","7","4","4","14.5000000000000000","20.2857142857142857","13.5000000000000000","13.5000000000000000","Female","19",69,"Medium"
47,3,"2","7","4","4","14.5000000000000000","20.2857142857142857","13.5000000000000000","13.5000000000000000","Female","19",95,"Easy"
47,4,"2","7","4","4","14.5000000000000000","20.2857142857142857","13.5000000000000000","13.5000000000000000","Female","19",66,"Medium"
47,5,"2","7","4","4","14.5000000000000000","20.2857142857142857","13.5000000000000000","13.5000000000000000","Female","19",88,"Easy"
48,1,"1","10","8","5","16.0000000000000000","18.6000000000000000","22.6250000000000000","18.6000000000000000","Female","21",56,"Hard"
48,2,"1","10","8","5","16.0000000000000000","18.6000000000000000","22.6250000000000000","18.6000000000000000","Female","21",55,"Hard"
48,3,"1","10","8","5","16.0000000000000000","18.6000000000000000","22.6250000000000000","18.6000000000000000","Female","21",89,"Easy"
48,4,"1","10","8","5","16.0000000000000000","18.6000000000000000","22.6250000000000000","18.6000000000000000","Female","21",56,"Hard"
48,5,"1","10","8","5","16.0000000000000000","18.6000000000000000","22.6250000000000000","18.6000000000000000","Female","21",87,"Easy"
49,1,"1","8","10","5","28.0000000000000000","15.3750000000000000","17.0000000000000000","14.6000000000000000","Male","23",77,"Medium"
49,2,"1","8","10","5","28.0000000000000000","15.3750000000000000","17.0000000000000000","14.6000000000000000","Male","23",70,"Medium"
49,3,"1","8","10","5","28.0000000000000000","15.3750000000000000","17.0000000000000000","14.6000000000000000","Male","23",79,"Medium"
49,4,"1","8","10","5","28.0000000000000000","15.3750000000000000","17.0000000000000000","14.6000000000000000","Male","23",76,"Medium"
49,5,"1","8","10","5","28.0000000000000000","15.3750000000000000","17.0000000000000000","14.6000000000000000","Male","23",69,"Medium"
50,1,"0","5","2","2",NULL,"21.2000000000000000","10.5000000000000000","13.5000000000000000","Female","21",82,"Easy"
50,2,"0","5","2","2",NULL,"21.2000000000000000","10.5000000000000000","13.5000000000000000","Female","21",69,"Medium"
50,3,"0","5","2","2",NULL,"21.2000000000000000","10.5000000000000000","13.5000000000000000","Female","21",62,"Medium"
50,4,"0","5","2","2",NULL,"21.2000000000000000","10.5000000000000000","13.5000000000000000","Female","21",74,"Medium"
50,5,"0","5","2","2",NULL,"21.2000000000000000","10.5000000000000000","13.5000000000000000","Female","21",61,"Medium"
51,1,"2","4","3","4","14.5000000000000000","14.0000000000000000","21.0000000000000000","22.2500000000000000","Female","23",51,"Hard"
51,2,"2","4","3","4","14.5000000000000000","14.0000000000000000","21.0000000000000000","22.2500000000000000","Female","23",97,"Easy"
51,3,"2","4","3","4","14.5000000000000000","14.0000000000000000","21.0000000000000000","22.2500000000000000","Female","23",60,"Medium"
51,4,"2","4","3","4","14.5000000000000000","14.0000000000000000","21.0000000000000000","22.2500000000000000","Female","23",57,"Hard"
51,5,"2","4","3","4","14.5000000000000000","14.0000000000000000","21.0000000000000000","22.2500000000000000","Female","23",85,"Easy"
52,1,"1","14","11","5","8.0000000000000000","19.7857142857142857","18.6363636363636364","21.0000000000000000","Female","25",72,"Medium"
52,2,"1","14","11","5","8.0000000000000000","19.7857142857142857","18.6363636363636364","21.0000000000000000","Female","25",76,"Medium"
52,3,"1","14","11","5","8.0000000000000000","19.7857142857142857","18.6363636363636364","21.0000000000000000","Female","25",99,"Easy"
52,4,"1","14","11","5","8.0000000000000000","19.7857142857142857","18.6363636363636364","21.0000000000000000","Female","25",76,"Medium"
52,5,"1","14","11","5","8.0000000000000000","19.7857142857142857","18.6363636363636364","21.0000000000000000","Female","25",65,"Medium"
53,1,"2","10","11","6","18.5000000000000000","15.3000000000000000","16.8181818181818182","12.3333333333333333","Female","24",74,"Medium"
53,2,"2","10","11","6","18.5000000000000000","15.3000000000000000","16.8181818181818182","12.3333333333333333","Female","24",67,"Medium"
53,3,"2","10","11","6","18.5000000000000000","15.3000000000000000","16.8181818181818182","12.3333333333333333","Female","24",82,"Easy"
53,4,"2","10","11","6","18.5000000000000000","15.3000000000000000","16.8181818181818182","12.3333333333333333","Female","24",80,"Easy"
53,5,"2","10","11","6","18.5000000000000000","15.3000000000000000","16.8181818181818182","12.3333333333333333","Female","24",95,"Easy"
54,1,"1","10","11","5","17.0000000000000000","19.4000000000000000","11.9090909090909091","17.4000000000000000","Female","20",66,"Medium"
54,2,"1","10","11","5","17.0000000000000000","19.4000000000000000","11.9090909090909091","17.4000000000000000","Female","20",93,"Easy"
54,3,"1","10","11","5","17.0000000000000000","19.4000000000000000","11.9090909090909091","17.4000000000000000","Female","20",81,"Easy"
54,4,"1","10","11","5","17.0000000000000000","19.4000000000000000","11.9090909090909091","17.4000000000000000","Female","20",95,"Easy"
54,5,"1","10","11","5","17.0000000000000000","19.4000000000000000","11.9090909090909091","17.4000000000000000","Female","20",61,"Medium"
55,1,"1","10","9","6","25.0000000000000000","15.0000000000000000","14.5555555555555556","22.0000000000000000","Male","25",90,"Easy"
55,2,"1","10","9","6","25.0000000000000000","15.0000000000000000","14.5555555555555556","22.0000000000000000","Male","25",98,"Easy"
55,3,"1","10","9","6","25.0000000000000000","15.0000000000000000","14.5555555555555556","22.0000000000000000","Male","25",61,"Medium"
55,4,"1","10","9","6","25.0000000000000000","15.0000000000000000","14.5555555555555556","22.0000000000000000","Male","25",66,"Medium"
55,5,"1","10","9","6","25.0000000000000000","15.0000000000000000","14.5555555555555556","22.0000000000000000","Male","25",90,"Easy"
56,1,"1","7","13","6","13.0000000000000000","19.5714285714285714","17.7692307692307692","19.0000000000000000","Male","25",92,"Easy"
56,2,"1","7","13","6","13.0000000000000000","19.5714285714285714","17.7692307692307692","19.0000000000000000","Male","25",72,"Medium"
56,3,"1","7","13","6","13.0000000000000000","19.5714285714285714","17.7692307692307692","19.0000000000000000","Male","25",66,"Medium"
56,4,"1","7","13","6","13.0000000000000000","19.5714285714285714","17.7692307692307692","19.0000000000000000","Male","25",77,"Medium"
56,5,"1","7","13","6","13.0000000000000000","19.5714285714285714","17.7692307692307692","19.0000000000000000","Male","25",88,"Easy"
57,1,"1","11","9","4","22.0000000000000000","17.1818181818181818","17.7777777777777778","16.7500000000000000","Male","19",100,"Easy"
57,2,"1","11","9","4","22.0000000000000000","17.1818181818181818","17.7777777777777778","16.7500000000000000","Male","19",54,"Hard"
57,3,"1","11","9","4","22.0000000000000000","17.1818181818181818","17.7777777777777778","16.7500000000000000","Male","19",95,"Easy"
57,4,"1","11","9","4","22.0000000000000000","17.1818181818181818","17.7777777777777778","16.7500000000000000","Male","19",69,"Medium"
57,5,"1","11","9","4","22.0000000000000000","17.1818181818181818","17.7777777777777778","16.7500000000000000","Male","19",62,"Medium"
58,1,"1","11","11","4","12.0000000000000000","19.0909090909090909","20.5454545454545455","12.5000000000000000","Female","22",94,"Easy"
58,2,"1","11","11","4","12.0000000000000000","19.0909090909090909","20.5454545454545455","12.5000000000000000","Female","22",66,"Medium"
58,3,"1","11","11","4","12.0000000000000000","19.0909090909090909","20.5454545454545455","12.5000000000000000","Female","22",55,"Hard"
58,4,"1","11","11","4","12.0000000000000000","19.0909090909090909","20.5454545454545455","12.5000000000000000","Female","22",87,"Easy"
58,5,"1","11","11","4","12.0000000000000000","19.0909090909090909","20.5454545454545455","12.5000000000000000","Female","22",99,"Easy"
59,1,"1","7","14","7","22.0000000000000000","16.7142857142857143","17.9285714285714286","17.2857142857142857","Female","18",54,"Hard"
59,2,"1","7","14","7","22.0000000000000000","16.7142857142857143","17.9285714285714286","17.2857142857142857","Female","18",75,"Medium"
59,3,"1","7","14","7","22.0000000000000000","16.7142857142857143","17.9285714285714286","17.2857142857142857","Female","18",78,"Medium"
59,4,"1","7","14","7","22.0000000000000000","16.7142857142857143","17.9285714285714286","17.2857142857142857","Female","18",90,"Easy"
59,5,"1","7","14","7","22.0000000000000000","16.7142857142857143","17.9285714285714286","17.2857142857142857","Female","18",95,"Easy"
60,1,"2","7","15","7","9.5000000000000000","18.4285714285714286","19.8666666666666667","19.0000000000000000","Male","22",69,"Medium"
60,2,"2","7","15","7","9.5000000000000000","18.4285714285714286","19.8666666666666667","19.0000000000000000","Male","22",71,"Medium"
60,3,"2","7","15","7","9.5000000000000000","18.4285714285714286","19.8666666666666667","19.0000000000000000","Male","22",58,"Hard"
60,4,"2","7","15","7","9.5000000000000000","18.4285714285714286","19.8666666666666667","19.0000000000000000","Male","22",66,"Medium"
60,5,"2","7","15","7","9.5000000000000000","18.4285714285714286","19.8666666666666667","19.0000000000000000","Male","22",91,"Easy"
61,1,"3","9","13","5","16.6666666666666667","14.0000000000000000","19.3846153846153846","17.8000000000000000","Male","19",69,"Medium"
61,2,"3","9","13","5","16.6666666666666667","14.0000000000000000","19.3846153846153846","17.8000000000000000","Male","19",58,"Hard"
61,3,"3","9","13","5","16.6666666666666667","14.0000000000000000","19.3846153846153846","17.8000000000000000","Male","19",58,"Hard"
61,4,"3","9","13","5","16.6666666666666667","14.0000000000000000","19.3846153846153846","17.8000000000000000","Male","19",61,"Medium"
61,5,"3","9","13","5","16.6666666666666667","14.0000000000000000","19.3846153846153846","17.8000000000000000","Male","19",92,"Easy"
62,1,"0","4","5","5",NULL,"15.0000000000000000","19.2000000000000000","21.8000000000000000","Male","22",74,"Medium"
62,2,"0","4","5","5",NULL,"15.0000000000000000","19.2000000000000000","21.8000000000000000","Male","22",60,"Medium"
62,3,"0","4","5","5",NULL,"15.0000000000000000","19.2000000000000000","21.8000000000000000","Male","22",51,"Hard"
62,4,"0","4","5","5",NULL,"15.0000000000000000","19.2000000000000000","21.8000000000000000","Male","22",91,"Easy"
62,5,"0","4","5","5",NULL,"15.0000000000000000","19.2000000000000000","21.8000000000000000","Male","22",61,"Medium"
63,1,"2","10","7","8","23.0000000000000000","14.9000000000000000","16.0000000000000000","19.5000000000000000","Female","21",94,"Easy"
63,2,"2","10","7","8","23.0000000000000000","14.9000000000000000","16.0000000000000000","19.5000000000000000","Female","21",93,"Easy"
63,3,"2","10","7","8","23.0000000000000000","14.9000000000000000","16.0000000000000000","19.5000000000000000","Female","21",98,"Easy"
63,4,"2","10","7","8","23.0000000000000000","14.9000000000000000","16.0000000000000000","19.5000000000000000","Female","21",79,"Medium"
63,5,"2","10","7","8","23.0000000000000000","14.9000000000000000","16.0000000000000000","19.5000000000000000","Female","21",83,"Easy"
64,1,"2","9","12","7","8.5000000000000000","19.6666666666666667","14.5833333333333333","21.2857142857142857","Male","21",54,"Hard"
64,2,"2","9","12","7","8.5000000000000000","19.6666666666666667","14.5833333333333333","21.2857142857142857","Male","21",50,"Hard"
64,3,"2","9","12","7","8.5000000000000000","19.6666666666666667","14.5833333333333333","21.2857142857142857","Male","21",85,"Easy"
64,4,"2","9","12","7","8.5000000000000000","19.6666666666666667","14.5833333333333333","21.2857142857142857","Male","21",53,"Hard"
64,5,"2","9","12","7","8.5000000000000000","19.6666666666666667","14.5833333333333333","21.2857142857142857","Male","21",54,"Hard"
65,1,"2","9","14","3","15.5000000000000000","14.1111111111111111","18.8571428571428571","18.6666666666666667","Female","18",76,"Medium"
65,2,"2","9","14","3","15.5000000000000000","14.1111111111111111","18.8571428571428571","18.6666666666666667","Female","18",55,"Hard"
65,3,"2","9","14","3","15.5000000000000000","14.1111111111111111","18.8571428571428571","18.6666666666666667","Female","18",81,"Easy"
65,4,"2","9","14","3","15.5000000000000000","14.1111111111111111","18.8571428571428571","18.6666666666666667","Female","18",76,"Medium"
65,5,"2","9","14","3","15.5000000000000000","14.1111111111111111","18.8571428571428571","18.6666666666666667","Female","18",96,"Easy"
66,1,"1","7","11","6","26.0000000000000000","21.5714285714285714","18.4545454545454545","21.5000000000000000","Male","20",80,"Easy"
66,2,"1","7","11","6","26.0000000000000000","21.5714285714285714","18.4545454545454545","21.5000000000000000","Male","20",61,"Medium"
66,3,"1","7","11","6","26.0000000000000000","21.5714285714285714","18.4545454545454545","21.5000000000000000","Male","20",83,"Easy"
66,4,"1","7","11","6","26.0000000000000000","21.5714285714285714","18.4545454545454545","21.5000000000000000","Male","20",87,"Easy"
66,5,"1","7","11","6","26.0000000000000000","21.5714285714285714","18.4545454545454545","21.5000000000000000","Male","20",58,"Hard"
67,1,"1","7","12","5","21.0000000000000000","21.2857142857142857","13.8333333333333333","11.8000000000000000","Female","25",58,"Hard"
67,2,"1","7","12","5","21.0000000000000000","21.2857142857142857","13.8333333333333333","11.8000000000000000","Female","25",54,"Hard"
67,3,"1","7","12","5","21.0000000000000000","21.2857142857142857","13.8333333333333333","11.8000000000000000","Female","25",72,"Medium"
67,4,"1","7","12","5","21.0000000000000000","21.2857142857142857","13.8333333333333333","11.8000000000000000","Female","25",53,"Hard"
67,5,"1","7","12","5","21.0000000000000000","21.2857142857142857","13.8333333333333333","11.8000000000000000","Female","25",75,"Medium"
68,1,"2","11","13","4","16.5000000000000000","16.1818181818181818","18.4615384615384615","25.7500000000000000","Male","23",95,"Easy"
68,2,"2","11","13","4","16.5000000000000000","16.1818181818181818","18.4615384615384615","25.7500000000000000","Male","23",60,"Medium"
68,3,"2","11","13","4","16.5000000000000000","16.1818181818181818","18.4615384615384615","25.7500000000000000","Male","23",54,"Hard"
68,4,"2","11","13","4","16.5000000000000000","16.1818181818181818","18.4615384615384615","25.7500000000000000","Male","23",53,"Hard"
68,5,"2","11","13","4","16.5000000000000000","16.1818181818181818","18.4615384615384615","25.7500000000000000","Male","23",97,"Easy"
69,1,"3","10","12","7","14.6666666666666667","12.2000000000000000","20.3333333333333333","16.8571428571428571","Female","18",64,"Medium"
69,2,"3","10","12","7","14.6666666666666667","12.2000000000000000","20.3333333333333333","16.8571428571428571","Female","18",80,"Easy"
69,3,"3","10","12","7","14.6666666666666667","12.2000000000000000","20.3333333333333333","16.8571428571428571","Female","18",89,"Easy"
69,4,"3","10","12","7","14.6666666666666667","12.2000000000000000","20.3333333333333333","16.8571428571428571","Female","18",99,"Easy"
69,5,"3","10","12","7","14.6666666666666667","12.2000000000000000","20.3333333333333333","16.8571428571428571","Female","18",59,"Hard"
70,1,"0","2","3","0",NULL,"26.0000000000000000","11.3333333333333333",NULL,"Male","21",64,"Medium"
70,2,"0","2","3","0",NULL,"26.0000000000000000","11.3333333333333333",NULL,"Male","21",57,"Hard"
70,3,"0","2","3","0",NULL,"26.0000000000000000","11.3333333333333333",NULL,"Male","21",62,"Medium"
70,4,"0","2","3","0",NULL,"26.0000000000000000","11.3333333333333333",NULL,"Male","21",64,"Medium"
70,5,"0","2","3","0",NULL,"26.0000000000000000","11.3333333333333333",NULL,"Male","21",54,"Hard"
71,1,"1","6","13","4","12.0000000000000000","11.3333333333333333","19.1538461538461538","16.0000000000000000","Female","20",63,"Medium"
71,2,"1","6","13","4","12.0000000000000000","11.3333333333333333","19.1538461538461538","16.0000000000000000","Female","20",91,"Easy"
71,3,"1","6","13","4","12.0000000000000000","11.3333333333333333","19.1538461538461538","16.0000000000000000","Female","20",82,"Easy"
71,4,"1","6","13","4","12.0000000000000000","11.3333333333333333","19.1538461538461538","16.0000000000000000","Female","20",54,"Hard"
71,5,"1","6","13","4","12.0000000000000000","11.3333333333333333","19.1538461538461538","16.0000000000000000","Female","20",95,"Easy"
72,1,"3","12","11","8","16.3333333333333333","20.0833333333333333","21.0000000000000000","17.7500000000000000","Male","19",95,"Easy"
72,2,"3","12","11","8","16.3333333333333333","20.0833333333333333","21.0000000000000000","17.7500000000000000","Male","19",84,"Easy"
72,3,"3","12","11","8","16.3333333333333333","20.0833333333333333","21.0000000000000000","17.7500000000000000","Male","19",83,"Easy"
72,4,"3","12","11","8","16.3333333333333333","20.0833333333333333","21.0000000000000000","17.7500000000000000","Male","19",57,"Hard"
72,5,"3","12","11","8","16.3333333333333333","20.0833333333333333","21.0000000000000000","17.7500000000000000","Male","19",88,"Easy"
73,1,"1","10","14","5","28.0000000000000000","13.3000000000000000","17.8571428571428571","21.6000000000000000","Female","22",66,"Medium"
73,2,"1","10","14","5","28.0000000000000000","13.3000000000000000","17.8571428571428571","21.6000000000000000","Female","22",61,"Medium"
73,3,"1","10","14","5","28.0000000000000000","13.3000000000000000","17.8571428571428571","21.6000000000000000","Female","22",91,"Easy"
73,4,"1","10","14","5","28.0000000000000000","13.3000000000000000","17.8571428571428571","21.6000000000000000","Female","22",64,"Medium"
73,5,"1","10","14","5","28.0000000000000000","13.3000000000000000","17.8571428571428571","21.6000000000000000","Female","22",62,"Medium"
74,1,"3","10","9","6","17.0000000000000000","16.1000000000000000","13.7777777777777778","11.0000000000000000","Female","19",65,"Medium"
74,2,"3","10","9","6","17.0000000000000000","16.1000000000000000","13.7777777777777778","11.0000000000000000","Female","19",59,"Hard"
74,3,"3","10","9","6","17.0000000000000000","16.1000000000000000","13.7777777777777778","11.0000000000000000","Female","19",80,"Easy"
74,4,"3","10","9","6","17.0000000000000000","16.1000000000000000","13.7777777777777778","11.0000000000000000","Female","19",100,"Easy"
74,5,"3","10","9","6","17.0000000000000000","16.1000000000000000","13.7777777777777778","11.0000000000000000","Female","19",83,"Easy"
75,1,"1","12","11","6","16.0000000000000000","17.7500000000000000","17.0000000000000000","10.6666666666666667","Male","18",99,"Easy"
75,2,"1","12","11","6","16.0000000000000000","17.7500000000000000","17.0000000000000000","10.6666666666666667","Male","18",54,"Hard"
75,3,"1","12","11","6","16.0000000000000000","17.7500000000000000","17.0000000000000000","10.6666666666666667","Male","18",93,"Easy"
75,4,"1","12","11","6","16.0000000000000000","17.7500000000000000","17.0000000000000000","10.6666666666666667","Male","18",93,"Easy"
75,5,"1","12","11","6","16.0000000000000000","17.7500000000000000","17.0000000000000000","10.6666666666666667","Male","18",96,"Easy"
76,1,"2","11","12","6","14.5000000000000000","13.7272727272727273","15.8333333333333333","19.3333333333333333","Male","24",66,"Medium"
76,2,"2","11","12","6","14.5000000000000000","13.7272727272727273","15.8333333333333333","19.3333333333333333","Male","24",88,"Easy"
76,3,"2","11","12","6","14.5000000000000000","13.7272727272727273","15.8333333333333333","19.3333333333333333","Male","24",51,"Hard"
76,4,"2","11","12","6","14.5000000000000000","13.7272727272727273","15.8333333333333333","19.3333333333333333","Male","24",80,"Easy"
76,5,"2","11","12","6","14.5000000000000000","13.7272727272727273","15.8333333333333333","19.3333333333333333","Male","24",77,"Medium"
77,1,"3","11","8","6","20.6666666666666667","17.2727272727272727","18.1250000000000000","19.0000000000000000","Male","23",53,"Hard"
77,2,"3","11","8","6","20.6666666666666667","17.2727272727272727","18.1250000000000000","19.0000000000000000","Male","23",91,"Easy"
77,3,"3","11","8","6","20.6666666666666667","17.2727272727272727","18.1250000000000000","19.0000000000000000","Male","23",60,"Medium"
77,4,"3","11","8","6","20.6666666666666667","17.2727272727272727","18.1250000000000000","19.0000000000000000","Male","23",67,"Medium"
77,5,"3","11","8","6","20.6666666666666667","17.2727272727272727","18.1250000000000000","19.0000000000000000","Male","23",52,"Hard"
78,1,"2","9","9","5","16.0000000000000000","11.5555555555555556","18.1111111111111111","15.4000000000000000","Male","24",91,"Easy"
78,2,"2","9","9","5","16.0000000000000000","11.5555555555555556","18.1111111111111111","15.4000000000000000","Male","24",63,"Medium"
78,3,"2","9","9","5","16.0000000000000000","11.5555555555555556","18.1111111111111111","15.4000000000000000","Male","24",66,"Medium"
78,4,"2","9","9","5","16.0000000000000000","11.5555555555555556","18.1111111111111111","15.4000000000000000","Male","24",53,"Hard"
78,5,"2","9","9","5","16.0000000000000000","11.5555555555555556","18.1111111111111111","15.4000000000000000","Male","24",74,"Medium"
79,1,"3","10","10","7","20.0000000000000000","15.4000000000000000","22.3000000000000000","12.4285714285714286","Female","20",97,"Easy"
79,2,"3","10","10","7","20.0000000000000000","15.4000000000000000","22.3000000000000000","12.4285714285714286","Female","20",62,"Medium"
79,3,"3","10","10","7","20.0000000000000000","15.4000000000000000","22.3000000000000000","12.4285714285714286","Female","20",59,"Hard"
79,4,"3","10","10","7","20.0000000000000000","15.4000000000000000","22.3000000000000000","12.4285714285714286","Female","20",52,"Hard"
79,5,"3","10","10","7","20.0000000000000000","15.4000000000000000","22.3000000000000000","12.4285714285714286","Female","20",62,"Medium"
80,1,"0","1","0","1",NULL,"24.0000000000000000",NULL,"11.0000000000000000","Female","19",63,"Medium"
80,2,"0","1","0","1",NULL,"24.0000000000000000",NULL,"11.0000000000000000","Female","19",92,"Easy"
80,3,"0","1","0","1",NULL,"24.0000000000000000",NULL,"11.0000000000000000","Female","19",84,"Easy"
80,4,"0","1","0","1",NULL,"24.0000000000000000",NULL,"11.0000000000000000","Female","19",74,"Medium"
80,5,"0","1","0","1",NULL,"24.0000000000000000",NULL,"11.0000000000000000","Female","19",82,"Easy"
81,1,"2","10","9","7","17.0000000000000000","17.5000000000000000","18.0000000000000000","14.7142857142857143","Female","19",72,"Medium"
81,2,"2","10","9","7","17.0000000000000000","17.5000000000000000","18.0000000000000000","14.7142857142857143","Female","19",100,"Easy"
81,3,"2","10","9","7","17.0000000000000000","17.5000000000000000","18.0000000000000000","14.7142857142857143","Female","19",98,"Easy"
81,4,"2","10","9","7","17.0000000000000000","17.5000000000000000","18.0000000000000000","14.7142857142857143","Female","19",69,"Medium"
81,5,"2","10","9","7","17.0000000000000000","17.5000000000000000","18.0000000000000000","14.7142857142857143","Female","19",62,"Medium"
82,1,"0","3","3","2",NULL,"18.6666666666666667","19.3333333333333333","25.5000000000000000","Male","24",81,"Easy"
82,2,"0","3","3","2",NULL,"18.6666666666666667","19.3333333333333333","25.5000000000000000","Male","24",52,"Hard"
82,3,"0","3","3","2",NULL,"18.6666666666666667","19.3333333333333333","25.5000000000000000","Male","24",56,"Hard"
82,4,"0","3","3","2",NULL,"18.6666666666666667","19.3333333333333333","25.5000000000000000","Male","24",58,"Hard"
82,5,"0","3","3","2",NULL,"18.6666666666666667","19.3333333333333333","25.5000000000000000","Male","24",100,"Easy"
83,1,"2","4","4","6","16.5000000000000000","20.7500000000000000","17.2500000000000000","18.6666666666666667","Female","24",88,"Easy"
83,2,"2","4","4","6","16.5000000000000000","20.7500000000000000","17.2500000000000000","18.6666666666666667","Female","24",53,"Hard"
83,3,"2","4","4","6","16.5000000000000000","20.7500000000000000","17.2500000000000000","18.6666666666666667","Female","24",91,"Easy"
83,4,"2","4","4","6","16.5000000000000000","20.7500000000000000","17.2500000000000000","18.6666666666666667","Female","24",70,"Medium"
83,5,"2","4","4","6","16.5000000000000000","20.7500000000000000","17.2500000000000000","18.6666666666666667","Female","24",84,"Easy"
84,1,"3","8","14","6","19.3333333333333333","17.5000000000000000","16.7857142857142857","21.6666666666666667","Male","18",72,"Medium"
84,2,"3","8","14","6","19.3333333333333333","17.5000000000000000","16.7857142857142857","21.6666666666666667","Male","18",74,"Medium"
84,3,"3","8","14","6","19.3333333333333333","17.5000000000000000","16.7857142857142857","21.6666666666666667","Male","18",53,"Hard"
84,4,"3","8","14","6","19.3333333333333333","17.5000000000000000","16.7857142857142857","21.6666666666666667","Male","18",66,"Medium"
84,5,"3","8","14","6","19.3333333333333333","17.5000000000000000","16.7857142857142857","21.6666666666666667","Male","18",62,"Medium"
85,1,"3","7","11","5","16.3333333333333333","15.7142857142857143","19.0000000000000000","12.4000000000000000","Female","18",81,"Easy"
85,2,"3","7","11","5","16.3333333333333333","15.7142857142857143","19.0000000000000000","12.4000000000000000","Female","18",96,"Easy"
85,3,"3","7","11","5","16.3333333333333333","15.7142857142857143","19.0000000000000000","12.4000000000000000","Female","18",85,"Easy"
85,4,"3","7","11","5","16.3333333333333333","15.7142857142857143","19.0000000000000000","12.4000000000000000","Female","18",80,"Easy"
85,5,"3","7","11","5","16.3333333333333333","15.7142857142857143","19.0000000000000000","12.4000000000000000","Female","18",69,"Medium"
86,1,"1","10","11","5","17.0000000000000000","15.7000000000000000","15.0909090909090909","20.6000000000000000","Male","20",57,"Hard"
86,2,"1","10","11","5","17.0000000000000000","15.7000000000000000","15.0909090909090909","20.6000000000000000","Male","20",92,"Easy"
86,3,"1","10","11","5","17.0000000000000000","15.7000000000000000","15.0909090909090909","20.6000000000000000","Male","20",88,"Easy"
86,4,"1","10","11","5","17.0000000000000000","15.7000000000000000","15.0909090909090909","20.6000000000000000","Male","20",50,"Hard"
86,5,"1","10","11","5","17.0000000000000000","15.7000000000000000","15.0909090909090909","20.6000000000000000","Male","20",62,"Medium"
87,1,"2","12","11","4","16.0000000000000000","16.9166666666666667","19.8181818181818182","19.0000000000000000","Male","19",84,"Easy"
87,2,"2","12","11","4","16.0000000000000000","16.9166666666666667","19.8181818181818182","19.0000000000000000","Male","19",74,"Medium"
87,3,"2","12","11","4","16.0000000000000000","16.9166666666666667","19.8181818181818182","19.0000000000000000","Male","19",79,"Medium"
87,4,"2","12","11","4","16.0000000000000000","16.9166666666666667","19.8181818181818182","19.0000000000000000","Male","19",50,"Hard"
87,5,"2","12","11","4","16.0000000000000000","16.9166666666666667","19.8181818181818182","19.0000000000000000","Male","19",78,"Medium"
88,1,"2","8","11","6","20.5000000000000000","14.5000000000000000","20.0000000000000000","15.5000000000000000","Male","19",58,"Hard"
88,2,"2","8","11","6","20.5000000000000000","14.5000000000000000","20.0000000000000000","15.5000000000000000","Male","19",89,"Easy"
88,3,"2","8","11","6","20.5000000000000000","14.5000000000000000","20.0000000000000000","15.5000000000000000","Male","19",53,"Hard"
88,4,"2","8","11","6","20.5000000000000000","14.5000000000000000","20.0000000000000000","15.5000000000000000","Male","19",90,"Easy"
88,5,"2","8","11","6","20.5000000000000000","14.5000000000000000","20.0000000000000000","15.5000000000000000","Male","19",56,"Hard"
89,1,"2","13","14","5","18.0000000000000000","14.6153846153846154","16.7857142857142857","18.2000000000000000","Male","22",87,"Easy"
89,2,"2","13","14","5","18.0000000000000000","14.6153846153846154","16.7857142857142857","18.2000000000000000","Male","22",60,"Medium"
89,3,"2","13","14","5","18.0000000000000000","14.6153846153846154","16.7857142857142857","18.2000000000000000","Male","22",72,"Medium"
89,4,"2","13","14","5","18.0000000000000000","14.6153846153846154","16.7857142857142857","18.2000000000000000","Male","22",94,"Easy"
89,5,"2","13","14","5","18.0000000000000000","14.6153846153846154","16.7857142857142857","18.2000000000000000","Male","22",96,"Easy"
90,1,"0","3","6","4",NULL,"21.6666666666666667","13.3333333333333333","13.2500000000000000","Female","18",88,"Easy"
90,2,"0","3","6","4",NULL,"21.6666666666666667","13.3333333333333333","13.2500000000000000","Female","18",96,"Easy"
90,3,"0","3","6","4",NULL,"21.6666666666666667","13.3333333333333333","13.2500000000000000","Female","18",58,"Hard"
90,4,"0","3","6","4",NULL,"21.6666666666666667","13.3333333333333333","13.2500000000000000","Female","18",88,"Easy"
90,5,"0","3","6","4",NULL,"21.6666666666666667","13.3333333333333333","13.2500000000000000","Female","18",99,"Easy"
91,1,"1","4","4","2","12.0000000000000000","16.2500000000000000","14.2500000000000000","16.5000000000000000","Male","22",89,"Easy"
91,2,"1","4","4","2","12.0000000000000000","16.2500000000000000","14.2500000000000000","16.5000000000000000","Male","22",98,"Easy"
91,3,"1","4","4","2","12.0000000000000000","16.2500000000000000","14.2500000000000000","16.5000000000000000","Male","22",95,"Easy"
91,4,"1","4","4","2","12.0000000000000000","16.2500000000000000","14.2500000000000000","16.5000000000000000","Male","22",92,"Easy"
91,5,"1","4","4","2","12.0000000000000000","16.2500000000000000","14.2500000000000000","16.5000000000000000","Male","22",72,"Medium"
92,1,"0","5","3","4",NULL,"13.4000000000000000","15.6666666666666667","21.5000000000000000","Male","25",84,"Easy"
92,2,"0","5","3","4",NULL,"13.4000000000000000","15.6666666666666667","21.5000000000000000","Male","25",64,"Medium"
92,3,"0","5","3","4",NULL,"13.4000000000000000","15.6666666666666667","21.5000000000000000","Male","25",58,"Hard"
92,4,"0","5","3","4",NULL,"13.4000000000000000","15.6666666666666667","21.5000000000000000","Male","25",90,"Easy"
92,5,"0","5","3","4",NULL,"13.4000000000000000","15.6666666666666667","21.5000000000000000","Male","25",65,"Medium"
93,1,"3","10","9","5","15.0000000000000000","17.5000000000000000","15.5555555555555556","21.0000000000000000","Female","21",80,"Easy"
93,2,"3","10","9","5","15.0000000000000000","17.5000000000000000","15.5555555555555556","21.0000000000000000","Female","21",92,"Easy"
93,3,"3","10","9","5","15.0000000000000000","17.5000000000000000","15.5555555555555556","21.0000000000000000","Female","21",74,"Medium"
93,4,"3","10","9","5","15.0000000000000000","17.5000000000000000","15.5555555555555556","21.0000000000000000","Female","21",100,"Easy"
93,5,"3","10","9","5","15.0000000000000000","17.5000000000000000","15.5555555555555556","21.0000000000000000","Female","21",77,"Medium"
94,1,"3","9","9","7","15.3333333333333333","19.1111111111111111","18.1111111111111111","16.8571428571428571","Female","23",89,"Easy"
94,2,"3","9","9","7","15.3333333333333333","19.1111111111111111","18.1111111111111111","16.8571428571428571","Female","23",77,"Medium"
94,3,"3","9","9","7","15.3333333333333333","19.1111111111111111","18.1111111111111111","16.8571428571428571","Female","23",61,"Medium"
94,4,"3","9","9","7","15.3333333333333333","19.1111111111111111","18.1111111111111111","16.8571428571428571","Female","23",77,"Medium"
94,5,"3","9","9","7","15.3333333333333333","19.1111111111111111","18.1111111111111111","16.8571428571428571","Female","23",98,"Easy"
95,1,"3","8","11","6","18.3333333333333333","14.1250000000000000","16.2727272727272727","20.6666666666666667","Female","23",92,"Easy"
95,2,"3","8","11","6","18.3333333333333333","14.1250000000000000","16.2727272727272727","20.6666666666666667","Female","23",65,"Medium"
95,3,"3","8","11","6","18.3333333333333333","14.1250000000000000","16.2727272727272727","20.6666666666666667","Female","23",82,"Easy"
95,4,"3","8","11","6","18.3333333333333333","14.1250000000000000","16.2727272727272727","20.6666666666666667","Female","23",91,"Easy"
95,5,"3","8","11","6","18.3333333333333333","14.1250000000000000","16.2727272727272727","20.6666666666666667","Female","23",58,"Hard"
96,1,"3","8","12","7","24.6666666666666667","22.1250000000000000","19.8333333333333333","21.0000000000000000","Female","25",82,"Easy"
96,2,"3","8","12","7","24.6666666666666667","22.1250000000000000","19.8333333333333333","21.0000000000000000","Female","25",94,"Easy"
96,3,"3","8","12","7","24.6666666666666667","22.1250000000000000","19.8333333333333333","21.0000000000000000","Female","25",99,"Easy"
96,4,"3","8","12","7","24.6666666666666667","22.1250000000000000","19.8333333333333333","21.0000000000000000","Female","25",64,"Medium"
96,5,"3","8","12","7","24.6666666666666667","22.1250000000000000","19.8333333333333333","21.0000000000000000","Female","25",93,"Easy"
97,1,"2","7","14","6","9.5000000000000000","17.4285714285714286","20.8571428571428571","18.3333333333333333","Female","23",99,"Easy"
97,2,"2","7","14","6","9.5000000000000000","17.4285714285714286","20.8571428571428571","18.3333333333333333","Female","23",99,"Easy"
97,3,"2","7","14","6","9.5000000000000000","17.4285714285714286","20.8571428571428571","18.3333333333333333","Female","23",60,"Medium"
97,4,"2","7","14","6","9.5000000000000000","17.4285714285714286","20.8571428571428571","18.3333333333333333","Female","23",51,"Hard"
97,5,"2","7","14","6","9.5000000000000000","17.4285714285714286","20.8571428571428571","18.3333333333333333","Female","23",69,"Medium"
98,1,"1","8","12","5","21.0000000000000000","17.2500000000000000","18.2500000000000000","17.6000000000000000","Female","24",57,"Hard"
98,2,"1","8","12","5","21.0000000000000000","17.2500000000000000","18.2500000000000000","17.6000000000000000","Female","24",68,"Medium"
98,3,"1","8","12","5","21.0000000000000000","17.2500000000000000","18.2500000000000000","17.6000000000000000","Female","24",73,"Medium"
98,4,"1","8","12","5","21.0000000000000000","17.2500000000000000","18.2500000000000000","17.6000000000000000","Female","24",54,"Hard"
98,5,"1","8","12","5","21.0000000000000000","17.2500000000000000","18.2500000000000000","17.6000000000000000","Female","24",94,"Easy"
99,1,"3","11","10","5","23.3333333333333333","15.0000000000000000","17.5000000000000000","18.4000000000000000","Female","21",82,"Easy"
99,2,"3","11","10","5","23.3333333333333333","15.0000000000000000","17.5000000000000000","18.4000000000000000","Female","21",67,"Medium"
99,3,"3","11","10","5","23.3333333333333333","15.0000000000000000","17.5000000000000000","18.4000000000000000","Female","21",68,"Medium"
99,4,"3","11","10","5","23.3333333333333333","15.0000000000000000","17.5000000000000000","18.4000000000000000","Female","21",50,"Hard"
99,5,"3","11","10","5","23.3333333333333333","15.0000000000000000","17.5000000000000000","18.4000000000000000","Female","21",52,"Hard"
100,1,"2","13","14","5","18.0000000000000000","18.7692307692307692","15.9285714285714286","13.2000000000000000","Female","21",93,"Easy"
100,2,"2","13","14","5","18.0000000000000000","18.7692307692307692","15.9285714285714286","13.2000000000000000","Female","21",69,"Medium"
100,3,"2","13","14","5","18.0000000000000000","18.7692307692307692","15.9285714285714286","13.2000000000000000","Female","21",62,"Medium"
100,4,"2","13","14","5","18.0000000000000000","18.7692307692307692","15.9285714285714286","13.2000000000000000","Female","21",68,"Medium"
100,5,"2","13","14","5","18.0000000000000000","18.7692307692307692","15.9285714285714286","13.2000000000000000","Female","21",53,"Hard"
