"stu_id","gender","age","course_id","total_activities","avg_task_duration_minutes","quiz_count","assignment_count","forum_count","avg_quiz_duration","activity_per_day","activity_variability","performance_category"
1,"Female","23",2,"1","10.0000000000000000","0","0","1",NULL,"1.00000000000000000000","0","B"
2,"Male","23",1,"6","18.0000000000000000","0","0","0",NULL,"2.0000000000000000","9.21954445729288731000227428176279","A"
2,"Male","23",2,"5","14.8000000000000000","2","0","1","24.5000000000000000","2.5000000000000000","8.74985714169094305905094534898015","D"
2,"Male","23",3,"5","13.0000000000000000","0","0","1",NULL,"1.6666666666666667","2.75680975041804435359118251058684","D"
2,"Male","23",4,"7","15.5714285714285714","0","0","2",NULL,"2.3333333333333333","6.34388666033557644528245272523614","C"
2,"Male","23",5,"6","13.0000000000000000","0","0","0",NULL,"2.0000000000000000","5.29150262212918118100323150727852","C"
3,"Male","22",1,"4","15.2500000000000000","0","0","0",NULL,"2.0000000000000000","7.94905654779232275653682204517056","B"
3,"Male","22",2,"2","24.5000000000000000","0","0","2",NULL,"2.0000000000000000","4.50000000000000000000000000000000","B"
3,"Male","22",3,"3","17.3333333333333333","0","0","2",NULL,"1.5000000000000000","8.73053390247252989969541370873861","B"
3,"Male","22",4,"3","12.3333333333333333","0","0","0",NULL,"1.5000000000000000","0.94280904158206336586779248280647","A"
3,"Male","22",5,"1","14.0000000000000000","0","0","0",NULL,"1.00000000000000000000","0","B"
4,"Male","21",1,"5","19.8000000000000000","0","0","0",NULL,"1.6666666666666667","2.56124969497313947459528706984873","A"
4,"Male","21",2,"3","16.0000000000000000","2","0","1","12.0000000000000000","1.5000000000000000","7.48331477354788277116749746463310","B"
4,"Male","21",3,"4","15.2500000000000000","0","0","1",NULL,"1.3333333333333333","7.85413903620250409939133346975103","A"
4,"Male","21",5,"2","24.5000000000000000","0","0","0",NULL,"2.0000000000000000","5.50000000000000000000000000000000","B"
5,"Male","25",1,"6","17.3333333333333333","0","0","0",NULL,"2.0000000000000000","6.94422221866655288433757387821280","C"
5,"Male","25",2,"6","12.8333333333333333","2","0","2","7.0000000000000000","3.0000000000000000","6.86577664134866019229180783360120","A"
5,"Male","25",3,"7","20.7142857142857143","0","0","2",NULL,"2.3333333333333333","5.57325977232318845080046701264541","A"
5,"Male","25",4,"5","16.4000000000000000","0","0","2",NULL,"1.6666666666666667","2.24499443206436483135024923938993","A"
5,"Male","25",5,"5","18.0000000000000000","0","0","0",NULL,"1.6666666666666667","8.27042925125413306077354753176051","D"
6,"Male","21",1,"3","14.6666666666666667","0","0","0",NULL,"1.00000000000000000000","6.79869268479037977337096547869704","B"
6,"Male","21",2,"7","16.1428571428571429","2","0","2","17.0000000000000000","3.5000000000000000","5.74278606921193729726815137871976","B"
6,"Male","21",3,"6","23.8333333333333333","0","0","1",NULL,"2.0000000000000000","7.28964257620967921821774403513200","B"
6,"Male","21",4,"4","11.2500000000000000","0","0","1",NULL,"1.3333333333333333","3.89711431702997391043675426838821","A"
6,"Male","21",5,"7","17.5714285714285714","0","0","0",NULL,"2.3333333333333333","6.63017222049845306694413326690181","A"
7,"Female","25",1,"5","13.4000000000000000","0","0","0",NULL,"1.6666666666666667","5.08330601085553376898394338157582","B"
7,"Female","25",2,"4","12.2500000000000000","2","0","1","13.5000000000000000","2.0000000000000000","4.96865172858794763001089916443069","B"
7,"Female","25",3,"5","17.2000000000000000","0","0","2",NULL,"1.6666666666666667","6.49307323229917067289211939296985","A"
7,"Female","25",4,"5","16.0000000000000000","0","0","1",NULL,"1.6666666666666667","8.36660026534075547978172025785187","A"
7,"Female","25",5,"6","15.1666666666666667","0","0","0",NULL,"2.0000000000000000","7.42555646998182142899308921614362","C"
8,"Male","25",1,"9","18.1111111111111111","0","0","0",NULL,"3.0000000000000000","8.96219770225590301635679657206810","B"
8,"Male","25",2,"6","16.0000000000000000","2","0","2","17.0000000000000000","3.0000000000000000","7.09459888459758754621766030613119","D"
8,"Male","25",3,"6","22.5000000000000000","0","0","3",NULL,"2.0000000000000000","7.41057802513856989527125753802391","C"
8,"Male","25",4,"5","20.8000000000000000","0","0","2",NULL,"1.6666666666666667","6.49307323229917067289211939296985","D"
8,"Male","25",5,"6","17.1666666666666667","0","0","0",NULL,"2.0000000000000000","9.71968220788222181585797123427734","D"
9,"Female","24",1,"6","18.0000000000000000","0","0","0",NULL,"2.0000000000000000","8.92561855933058942338549565726587","D"
9,"Female","24",2,"5","22.2000000000000000","1","0","1","25.0000000000000000","2.5000000000000000","4.79165942028437576224054029552147","B"
9,"Female","24",3,"7","15.8571428571428571","0","0","2",NULL,"2.3333333333333333","6.53405521487386944190747837174224","B"
9,"Female","24",4,"6","20.6666666666666667","0","0","1",NULL,"2.0000000000000000","8.03464719546263310322871782096666","C"
9,"Female","24",5,"5","15.6000000000000000","0","0","0",NULL,"1.6666666666666667","7.17216843081644311714340349341665","A"
10,"Female","21",1,"4","15.0000000000000000","0","0","0",NULL,"1.3333333333333333","8.51469318296320058306666091193866","C"
10,"Female","21",2,"6","13.0000000000000000","2","0","2","14.5000000000000000","3.0000000000000000","4.89897948556635619639456814941178","B"
10,"Female","21",3,"6","23.1666666666666667","0","0","2",NULL,"2.0000000000000000","5.98377435700541398310580766476105","B"
10,"Female","21",4,"7","20.0000000000000000","0","0","2",NULL,"2.3333333333333333","8.15913160645350611742331054960607","C"
10,"Female","21",5,"6","16.6666666666666667","0","0","0",NULL,"2.0000000000000000","6.62486897145059684001453221924091","A"
11,"Female","23",1,"5","18.2000000000000000","0","0","0",NULL,"1.6666666666666667","7.22218803410711538087243646910430","B"
11,"Female","23",2,"4","21.7500000000000000","1","0","1","8.0000000000000000","2.0000000000000000","8.01171017948103262515486255793681","B"
11,"Female","23",3,"3","23.6666666666666667","0","0","1",NULL,"1.00000000000000000000","3.09120616516523458417213869133006","C"
11,"Female","23",4,"6","18.1666666666666667","0","0","2",NULL,"2.0000000000000000","6.36177822799743799920324852751014","A"
11,"Female","23",5,"5","18.4000000000000000","0","0","0",NULL,"1.6666666666666667","6.34350061086148237158109519937880","B"
12,"Female","21",1,"5","12.6000000000000000","0","0","0",NULL,"1.6666666666666667","6.46838465151849175340045545952920","A"
12,"Female","21",2,"6","21.1666666666666667","1","0","3","22.0000000000000000","3.0000000000000000","4.37480158280222908772886575449842","C"
12,"Female","21",3,"6","18.5000000000000000","0","0","2",NULL,"2.0000000000000000","9.17877987534290964924585975935359","A"
12,"Female","21",4,"7","16.8571428571428571","0","0","2",NULL,"2.3333333333333333","5.98637909707341797079333656731084","D"
12,"Female","21",5,"6","16.3333333333333333","0","0","0",NULL,"2.0000000000000000","5.82141639885766021544034787697897","B"
13,"Female","20",1,"4","16.7500000000000000","0","0","0",NULL,"1.3333333333333333","5.53962995154008459514774443009398","D"
13,"Female","20",2,"6","21.1666666666666667","3","0","2","19.3333333333333333","3.0000000000000000","8.00867585115597551545007340361820","B"
13,"Female","20",3,"6","17.6666666666666667","0","0","2",NULL,"2.0000000000000000","9.08600878029267345455228020396850","A"
13,"Female","20",4,"4","16.0000000000000000","0","0","1",NULL,"1.3333333333333333","6.44204936336256274732216362358959","B"
13,"Female","20",5,"8","20.0000000000000000","0","0","0",NULL,"2.6666666666666667","9.05538513813741662657380816698407","B"
14,"Male","19",1,"2","25.5000000000000000","0","0","0",NULL,"1.00000000000000000000","1.50000000000000000000000000000000","A"
14,"Male","19",2,"5","23.0000000000000000","2","0","1","29.0000000000000000","2.5000000000000000","5.44058820349417733801197494882296","B"
14,"Male","19",3,"4","16.7500000000000000","0","0","2",NULL,"2.0000000000000000","8.64219300872180243625259018532555","D"
14,"Male","19",4,"2","20.5000000000000000","0","0","0",NULL,"2.0000000000000000","1.50000000000000000000000000000000","A"
14,"Male","19",5,"2","26.0000000000000000","0","0","0",NULL,"1.00000000000000000000","2.00000000000000000000000000000000","B"
15,"Male","23",1,"5","12.0000000000000000","0","0","0",NULL,"1.6666666666666667","9.12140340079310383308839220453404","A"
15,"Male","23",2,"6","18.0000000000000000","2","0","2","22.5000000000000000","3.0000000000000000","8.14452781524707749790355931416038","C"
15,"Male","23",3,"7","16.4285714285714286","0","0","2",NULL,"2.3333333333333333","6.54341856605644973911607759285921","C"
15,"Male","23",4,"7","20.0000000000000000","0","0","3",NULL,"2.3333333333333333","6.84522774326339394605791470788782","B"
15,"Male","23",5,"6","17.8333333333333333","0","0","0",NULL,"2.0000000000000000","7.19760762722972802894238545495207","A"
16,"Male","20",1,"6","13.6666666666666667","0","0","0",NULL,"2.0000000000000000","4.14996653266291079161199022226074","B"
16,"Male","20",2,"7","19.2857142857142857","3","0","1","22.0000000000000000","3.5000000000000000","7.81416818924419609061266566019902","A"
16,"Male","20",3,"8","15.3750000000000000","0","0","3",NULL,"2.6666666666666667","7.34740600484279757893788036277248","A"
16,"Male","20",4,"5","13.6000000000000000","0","0","2",NULL,"1.6666666666666667","7.31026675299882610241322876538569","B"
16,"Male","20",5,"6","13.3333333333333333","0","0","0",NULL,"2.0000000000000000","5.05525029603436703617121695752138","B"
17,"Female","20",1,"7","16.8571428571428571","0","0","0",NULL,"2.3333333333333333","7.66119295873824131964385812539271","B"
17,"Female","20",2,"5","24.0000000000000000","1","0","2","6.0000000000000000","2.5000000000000000","9.05538513813741662657380816698407","B"
17,"Female","20",3,"6","11.8333333333333333","0","0","2",NULL,"2.0000000000000000","4.77551626063146763897279706639358","D"
17,"Female","20",4,"7","20.2857142857142857","0","0","3",NULL,"2.3333333333333333","5.82394774589700242360257202863212","D"
17,"Female","20",5,"4","22.0000000000000000","0","0","0",NULL,"1.3333333333333333","5.33853912601565560540576198279786","B"
18,"Female","24",1,"6","12.6666666666666667","0","0","0",NULL,"2.0000000000000000","4.67855628253939987683982046213568","C"
18,"Female","24",2,"6","21.6666666666666667","1","0","3","26.0000000000000000","3.0000000000000000","6.01849002842259615072703039092025","A"
18,"Female","24",3,"7","19.1428571428571429","0","0","3",NULL,"2.3333333333333333","6.64247310717866864098859460145254","C"
18,"Female","24",4,"6","16.8333333333333333","0","0","2",NULL,"2.0000000000000000","7.60299648530469567752685315753188","B"
18,"Female","24",5,"5","16.4000000000000000","0","0","0",NULL,"1.6666666666666667","6.68131723539602630654336555870226","C"
19,"Female","20",1,"5","19.0000000000000000","0","0","0",NULL,"1.6666666666666667","7.37563556583430984800181942541023","D"
19,"Female","20",2,"5","20.2000000000000000","1","0","2","17.0000000000000000","2.5000000000000000","3.37045990927054345225365596248109","C"
19,"Female","20",3,"6","13.3333333333333333","0","0","2",NULL,"2.0000000000000000","6.15539510420646262586739241694410","A"
19,"Female","20",4,"5","18.6000000000000000","0","0","1",NULL,"1.6666666666666667","4.96386945839634263845329678217979","C"
19,"Female","20",5,"6","15.5000000000000000","0","0","0",NULL,"2.0000000000000000","5.43905629069357337289593387438017","B"
20,"Female","20",1,"4","20.5000000000000000","0","0","0",NULL,"1.3333333333333333","4.55521678957214944097281305234433","C"
20,"Female","20",2,"5","18.0000000000000000","2","0","1","15.5000000000000000","2.5000000000000000","6.84105255059482787481629415340053","B"
20,"Female","20",3,"8","17.0000000000000000","0","0","2",NULL,"2.6666666666666667","5.87367006223536529348425318298233","B"
20,"Female","20",4,"5","25.0000000000000000","0","0","2",NULL,"1.6666666666666667","4.97995983919549294993438826671288","A"
20,"Female","20",5,"4","17.7500000000000000","0","0","0",NULL,"1.3333333333333333","3.63145976158348751708218946135932","B"
21,"Female","22",1,"5","20.8000000000000000","0","0","0",NULL,"1.6666666666666667","6.27375485654324877367386259010547","C"
21,"Female","22",2,"5","19.2000000000000000","1","0","1","21.0000000000000000","2.5000000000000000","5.49181208709839233515914716587989","D"
21,"Female","22",3,"7","18.4285714285714286","0","0","2",NULL,"2.3333333333333333","9.16292440618547216851652595042877","B"
21,"Female","22",4,"4","15.0000000000000000","0","0","1",NULL,"1.3333333333333333","8.15475321515004523806288394384812","A"
21,"Female","22",5,"5","20.8000000000000000","0","0","0",NULL,"1.6666666666666667","7.54718490564528304905652830209811","B"
22,"Male","21",1,"6","13.6666666666666667","0","0","0",NULL,"2.0000000000000000","3.59010987142300268750047366102689","A"
22,"Male","21",2,"6","18.8333333333333333","2","0","3","18.5000000000000000","3.0000000000000000","7.17441441667696125443361520491081","D"
22,"Male","21",3,"6","14.1666666666666667","0","0","3",NULL,"2.0000000000000000","7.12780159344769890288633355678128","B"
22,"Male","21",4,"3","16.0000000000000000","0","0","1",NULL,"1.00000000000000000000","6.97614984548544991090504629568124","B"
22,"Male","21",5,"6","13.8333333333333333","0","0","0",NULL,"2.0000000000000000","5.27309733985212485718438193080016","A"
23,"Female","25",1,"8","9.2500000000000000","0","0","0",NULL,"2.6666666666666667","3.83242742918897291413842049789301","A"
23,"Female","25",2,"4","19.7500000000000000","1","0","1","19.0000000000000000","2.0000000000000000","3.96074487943871487118919901301190","A"
23,"Female","25",3,"5","14.6000000000000000","0","0","2",NULL,"1.6666666666666667","5.88557558782486455970135503912174","B"
23,"Female","25",4,"4","12.0000000000000000","0","0","1",NULL,"1.3333333333333333","3.53553390593273762200422181052425","C"
23,"Female","25",5,"5","18.0000000000000000","0","0","0",NULL,"1.6666666666666667","8.87693640846885868914631586767204","C"
24,"Female","25",1,"4","21.2500000000000000","0","0","0",NULL,"1.3333333333333333","7.46240577829964966050859865750905","C"
24,"Female","25",2,"5","13.8000000000000000","1","0","1","20.0000000000000000","2.5000000000000000","6.88186021363410141738357882803977","A"
24,"Female","25",3,"8","18.3750000000000000","0","0","3",NULL,"2.6666666666666667","7.38135319572231281262231106397569","D"
24,"Female","25",4,"5","16.0000000000000000","0","0","2",NULL,"1.6666666666666667","6.00000000000000000000000000000000","B"
24,"Female","25",5,"4","13.0000000000000000","0","0","0",NULL,"1.3333333333333333","5.87367006223536529348425318298233","B"
25,"Female","18",1,"2","10.5000000000000000","0","0","0",NULL,"2.0000000000000000","1.50000000000000000000000000000000","B"
25,"Female","18",2,"1","8.0000000000000000","1","0","0","8.0000000000000000","1.00000000000000000000","0","B"
25,"Female","18",5,"1","9.0000000000000000","0","0","0",NULL,"1.00000000000000000000","0","C"
26,"Female","20",1,"6","13.3333333333333333","0","0","0",NULL,"2.0000000000000000","6.01849002842259615072703039092025","A"
26,"Female","20",2,"5","13.2000000000000000","2","0","2","12.0000000000000000","2.5000000000000000","6.58483105326173117906807265127138","B"
26,"Female","20",3,"7","18.2857142857142857","0","0","1",NULL,"2.3333333333333333","7.61041177249554450875503279354592","A"
26,"Female","20",4,"8","15.7500000000000000","0","0","3",NULL,"2.6666666666666667","9.56229574945263863542917481592091","D"
26,"Female","20",5,"3","10.0000000000000000","0","0","0",NULL,"1.00000000000000000000","4.96655480858377990644393868204132","C"
27,"Female","23",1,"7","16.1428571428571429","0","0","0",NULL,"2.3333333333333333","7.67981717469463552056874146505089","D"
27,"Female","23",2,"6","13.3333333333333333","2","0","2","17.0000000000000000","3.0000000000000000","7.43116560320265115690365235498223","B"
27,"Female","23",3,"6","18.6666666666666667","0","0","3",NULL,"2.0000000000000000","6.64997911442000111055129407804618","B"
27,"Female","23",4,"6","19.1666666666666667","0","0","2",NULL,"2.0000000000000000","7.15114598430831146802622963539073","A"
27,"Female","23",5,"7","11.0000000000000000","0","0","0",NULL,"2.3333333333333333","3.77964473009227227214516536234180","C"
28,"Female","20",1,"6","18.1666666666666667","0","0","0",NULL,"2.0000000000000000","5.98377435700541398310580766476105","A"
28,"Female","20",2,"7","16.2857142857142857","1","0","3","30.0000000000000000","3.5000000000000000","8.41281820819168971141902508731424","B"
28,"Female","20",3,"4","10.0000000000000000","0","0","1",NULL,"1.3333333333333333","5.38516480713450403125071049154033","B"
28,"Female","20",4,"8","14.8750000000000000","0","0","2",NULL,"2.6666666666666667","6.79038842777053513086212995898381","B"
28,"Female","20",5,"5","20.8000000000000000","0","0","0",NULL,"1.6666666666666667","6.52380257212003619045030715507850","B"
29,"Female","23",1,"3","17.6666666666666667","0","0","0",NULL,"1.00000000000000000000","6.79869268479037977337096547869704","A"
29,"Female","23",2,"3","13.3333333333333333","1","0","0","17.0000000000000000","3.0000000000000000","3.29983164553722178053727368982263","D"
29,"Female","23",3,"1","19.0000000000000000","0","0","1",NULL,"1.00000000000000000000","0","A"
29,"Female","23",4,"4","17.0000000000000000","0","0","0",NULL,"2.0000000000000000","9.43398113205660381132066037762264","A"
29,"Female","23",5,"1","21.0000000000000000","0","0","0",NULL,"1.00000000000000000000","0","A"
30,"Female","22",1,"6","17.8333333333333333","0","0","0",NULL,"2.0000000000000000","9.65084912786895083211955248610155","B"
30,"Female","22",2,"7","12.8571428571428571","2","0","2","8.5000000000000000","3.5000000000000000","6.40153042925945122602522783926903","B"
30,"Female","22",3,"6","16.1666666666666667","0","0","2",NULL,"2.0000000000000000","7.35791335154803850649399572443325","B"
30,"Female","22",4,"6","20.3333333333333333","0","0","3",NULL,"2.0000000000000000","7.97217382873426534741989383746374","A"
30,"Female","22",5,"5","11.2000000000000000","0","0","0",NULL,"1.6666666666666667","3.42928563989644933747619770458825","C"
31,"Male","19",1,"5","20.8000000000000000","0","0","0",NULL,"1.6666666666666667","10.08761617033479322498290066762649","A"
31,"Male","19",2,"6","24.6666666666666667","3","0","2","27.0000000000000000","3.0000000000000000","5.02217305777312120515249956910891","C"
31,"Male","19",3,"6","23.3333333333333333","0","0","3",NULL,"2.0000000000000000","4.45969605341988400500896045159544","C"
31,"Male","19",4,"5","16.2000000000000000","0","0","1",NULL,"1.6666666666666667","8.63481325796916119966418901843458","C"
31,"Male","19",5,"5","21.2000000000000000","0","0","0",NULL,"1.6666666666666667","3.37045990927054345225365596248109","B"
32,"Female","22",1,"7","19.4285714285714286","0","0","0",NULL,"2.3333333333333333","7.20827189231020806082308998003366","C"
32,"Female","22",2,"5","23.2000000000000000","1","0","2","27.0000000000000000","2.5000000000000000","6.01331855134916330835157222523974","D"
32,"Female","22",3,"5","19.4000000000000000","0","0","2",NULL,"1.6666666666666667","6.65131565932635616331177131212052","A"
32,"Female","22",4,"5","19.4000000000000000","0","0","1",NULL,"1.6666666666666667","9.06862723900370711449638327433860","A"
32,"Female","22",5,"7","19.2857142857142857","0","0","0",NULL,"2.3333333333333333","8.48046975980333152618690566170129","A"
33,"Female","25",1,"6","21.3333333333333333","0","0","0",NULL,"2.0000000000000000","7.80313327381308340606806551615241","B"
33,"Female","25",2,"6","15.8333333333333333","2","0","3","11.5000000000000000","3.0000000000000000","7.12780159344769890288633355678128","C"
33,"Female","25",3,"3","14.0000000000000000","0","0","1",NULL,"1.00000000000000000000","7.25718035235908042171650083289859","A"
33,"Female","25",4,"5","21.0000000000000000","0","0","1",NULL,"1.6666666666666667","9.35948716543807222715541235125969","A"
33,"Female","25",5,"6","17.1666666666666667","0","0","0",NULL,"2.0000000000000000","5.01386965216377447947883616109216","A"
34,"Female","23",1,"8","14.3750000000000000","0","0","0",NULL,"2.6666666666666667","7.88887666274482960369074336920251","A"
34,"Female","23",2,"7","20.0000000000000000","2","0","2","27.0000000000000000","3.5000000000000000","8.15913160645350611742331054960607","B"
34,"Female","23",3,"6","18.3333333333333333","0","0","3",NULL,"2.0000000000000000","8.88194172964948520264419862759691","A"
34,"Female","23",4,"7","22.2857142857142857","0","0","2",NULL,"2.3333333333333333","6.34066886319204192081879704833717","B"
34,"Female","23",5,"5","19.2000000000000000","0","0","0",NULL,"1.6666666666666667","5.74108003776292949880171985658891","B"
35,"Male","23",1,"5","22.4000000000000000","0","0","0",NULL,"1.6666666666666667","4.45421149026401753769557703913484","D"
35,"Male","23",2,"8","14.8750000000000000","2","0","3","16.0000000000000000","4.0000000000000000","5.71046189025020987399824806631831","C"
35,"Male","23",3,"5","17.4000000000000000","0","0","2",NULL,"1.6666666666666667","7.17216843081644311714340349341665","A"
35,"Male","23",4,"3","18.0000000000000000","0","0","1",NULL,"1.00000000000000000000","7.11805216802087414054101597706381","C"
35,"Male","23",5,"5","25.6000000000000000","0","0","0",NULL,"1.6666666666666667","2.41660919471891441365656785336157","A"
36,"Female","23",1,"5","16.4000000000000000","0","0","0",NULL,"1.6666666666666667","7.28285658241324974672069030775507","B"
36,"Female","23",2,"6","14.3333333333333333","2","0","2","8.5000000000000000","3.0000000000000000","9.84321537348893371702768251057156","C"
36,"Female","23",3,"6","17.1666666666666667","0","0","2",NULL,"2.0000000000000000","8.89600409672167860613629313229658","A"
36,"Female","23",4,"5","23.0000000000000000","0","0","2",NULL,"1.6666666666666667","3.40587727318528023322666436477546","A"
36,"Female","23",5,"5","17.8000000000000000","0","0","0",NULL,"1.6666666666666667","4.53431361950185355724819163716930","A"
37,"Female","20",1,"8","18.0000000000000000","0","0","0",NULL,"2.6666666666666667","6.24499799839839820584689312093979","D"
37,"Female","20",2,"3","21.0000000000000000","1","0","1","18.0000000000000000","1.5000000000000000","2.44948974278317809819728407470589","A"
37,"Female","20",3,"4","14.7500000000000000","0","0","1",NULL,"1.3333333333333333","2.86138078556489925976085857204805","B"
37,"Female","20",4,"4","14.7500000000000000","0","0","2",NULL,"1.3333333333333333","8.87059749960508579043542685636926","B"
37,"Female","20",5,"7","13.1428571428571429","0","0","0",NULL,"2.3333333333333333","4.05069910821652148655874815505959","A"
38,"Female","23",1,"5","18.4000000000000000","0","0","0",NULL,"1.6666666666666667","7.52595508889071168366282926033497","B"
38,"Female","23",2,"5","16.4000000000000000","1","0","2","20.0000000000000000","2.5000000000000000","7.31026675299882610241322876538569","A"
38,"Female","23",3,"7","18.8571428571428571","0","0","2",NULL,"2.3333333333333333","6.62093155786083858989717088442710","B"
38,"Female","23",4,"7","21.7142857142857143","0","0","2",NULL,"2.3333333333333333","6.88091118788131170293042344593063","D"
38,"Female","23",5,"6","13.3333333333333333","0","0","0",NULL,"2.0000000000000000","9.06764700582362889668662491470493","C"
39,"Male","24",1,"6","16.0000000000000000","0","0","0",NULL,"2.0000000000000000","7.11805216802087414054101597706381","C"
39,"Male","24",2,"8","17.8750000000000000","2","0","3","12.0000000000000000","4.0000000000000000","7.84916396821980015897354788767455","B"
39,"Male","24",3,"8","15.1250000000000000","0","0","3",NULL,"2.6666666666666667","8.46223227050640580560095836036734","A"
39,"Male","24",4,"6","19.0000000000000000","0","0","2",NULL,"2.0000000000000000","7.72442015083764502154669936516495","B"
39,"Male","24",5,"6","16.5000000000000000","0","0","0",NULL,"2.0000000000000000","9.51752769017948974484681098757214","A"
40,"Female","20",1,"4","19.0000000000000000","0","0","0",NULL,"1.3333333333333333","9.13783344124853262801653595673211","D"
40,"Female","20",2,"5","28.0000000000000000","2","0","1","29.0000000000000000","2.5000000000000000","1.89736659610102759919933612665963","B"
40,"Female","20",3,"2","12.5000000000000000","0","0","0",NULL,"2.0000000000000000","3.50000000000000000000000000000000","D"
40,"Female","20",4,"2","16.5000000000000000","0","0","1",NULL,"1.00000000000000000000","6.50000000000000000000000000000000","B"
40,"Female","20",5,"3","10.6666666666666667","0","0","0",NULL,"1.5000000000000000","5.43650214343336349204192262923208","A"
41,"Male","24",1,"6","11.1666666666666667","0","0","0",NULL,"2.0000000000000000","6.49144736471681551667396870569036","D"
41,"Male","24",2,"5","18.2000000000000000","1","0","2","18.0000000000000000","2.5000000000000000","8.00999375780031429107888485932904","B"
41,"Male","24",3,"7","15.4285714285714286","0","0","2",NULL,"2.3333333333333333","6.43333157097011566167337212559324","C"
41,"Male","24",4,"6","15.0000000000000000","0","0","3",NULL,"2.0000000000000000","6.13731754650732298791251838972405","A"
41,"Male","24",5,"4","18.0000000000000000","0","0","0",NULL,"1.3333333333333333","6.04152298679728603414141963340393","B"
42,"Male","18",1,"5","19.6000000000000000","0","0","0",NULL,"1.6666666666666667","4.92341345003646834697568107546085","D"
42,"Male","18",2,"5","12.6000000000000000","3","0","1","14.3333333333333333","2.5000000000000000","3.38230690505755257963450358455532","A"
42,"Male","18",3,"6","16.6666666666666667","0","0","2",NULL,"2.0000000000000000","5.28099317258495316158559868401586","B"
42,"Male","18",4,"5","19.0000000000000000","0","0","3",NULL,"1.6666666666666667","5.01996015920445328786903215471112","B"
42,"Male","18",5,"4","19.5000000000000000","0","0","0",NULL,"1.3333333333333333","4.15331193145903742629213137245375","A"
43,"Female","22",1,"1","24.0000000000000000","0","0","0",NULL,"1.00000000000000000000","0","B"
43,"Female","22",5,"1","20.0000000000000000","0","0","0",NULL,"1.00000000000000000000","0","D"
44,"Female","21",2,"3","18.3333333333333333","2","0","0","14.0000000000000000","3.0000000000000000","9.56846672960488249800286642764818","D"
44,"Female","21",3,"6","18.1666666666666667","0","0","2",NULL,"2.0000000000000000","7.28964257620967921821774403513200","D"
44,"Female","21",4,"2","28.0000000000000000","0","0","1",NULL,"1.00000000000000000000","2.00000000000000000000000000000000","C"
44,"Female","21",5,"3","18.0000000000000000","0","0","0",NULL,"1.5000000000000000","5.65685424949238019520675489683879","B"
45,"Female","22",1,"3","18.0000000000000000","0","0","0",NULL,"1.00000000000000000000","2.94392028877594895158801424231975","C"
45,"Female","22",2,"5","23.2000000000000000","1","0","1","23.0000000000000000","2.5000000000000000","5.67097875150313008118224741708343","B"
45,"Female","22",3,"9","23.4444444444444444","0","0","3",NULL,"3.0000000000000000","6.13027298850387631851137683537884","A"
45,"Female","22",4,"6","19.5000000000000000","0","0","2",NULL,"2.0000000000000000","9.87842767515829582455834884498766","B"
45,"Female","22",5,"6","13.5000000000000000","0","0","0",NULL,"2.0000000000000000","4.78713553878169054987550955684911","B"
46,"Female","22",1,"8","18.8750000000000000","0","0","0",NULL,"2.6666666666666667","5.86168704384667742217120080243642","D"
46,"Female","22",2,"5","21.8000000000000000","1","0","3","28.0000000000000000","2.5000000000000000","7.57363849150459517759053966619757","A"
46,"Female","22",3,"7","18.1428571428571429","0","0","3",NULL,"2.3333333333333333","5.66766697853639215871428367144001","B"
46,"Female","22",4,"5","18.4000000000000000","0","0","1",NULL,"1.6666666666666667","7.68374908491941842378586120954618","D"
46,"Female","22",5,"5","19.6000000000000000","0","0","0",NULL,"1.6666666666666667","4.80000000000000000000000000000000","D"
47,"Female","19",1,"6","18.3333333333333333","0","0","0",NULL,"2.0000000000000000","7.29535620941309638408168738122825","C"
47,"Female","19",2,"4","15.0000000000000000","2","0","0","14.5000000000000000","4.0000000000000000","4.94974746830583267080591053473394","C"
47,"Female","19",3,"2","10.0000000000000000","0","0","2",NULL,"2.0000000000000000","1.00000000000000000000000000000000","A"
47,"Female","19",4,"4","18.0000000000000000","0","0","2",NULL,"2.0000000000000000","9.56556323485449548779125437650859","C"
47,"Female","19",5,"1","17.0000000000000000","0","0","0",NULL,"1.00000000000000000000","0","A"
48,"Female","21",1,"5","23.8000000000000000","0","0","0",NULL,"1.6666666666666667","5.49181208709839233515914716587989","D"
48,"Female","21",2,"3","21.6666666666666667","1","0","1","16.0000000000000000","1.5000000000000000","4.02768199119819068942761308893595","D"
48,"Female","21",3,"5","21.8000000000000000","0","0","2",NULL,"1.6666666666666667","2.78567765543682386769354778570266","A"
48,"Female","21",4,"6","17.8333333333333333","0","0","2",NULL,"2.0000000000000000","9.85590629464834598012811303514919","D"
48,"Female","21",5,"5","15.2000000000000000","0","0","0",NULL,"1.6666666666666667","7.30479294709986971578634849154669","A"
49,"Male","23",1,"4","14.5000000000000000","0","0","0",NULL,"1.3333333333333333","8.20060973342836258153735661369624","B"
49,"Male","23",2,"5","17.2000000000000000","1","0","3","28.0000000000000000","2.5000000000000000","8.08455317256309472038703565445931","B"
49,"Male","23",3,"3","17.0000000000000000","0","0","1",NULL,"1.00000000000000000000","8.28653526310403548907554098485947","B"
49,"Male","23",4,"4","16.5000000000000000","0","0","1",NULL,"1.3333333333333333","8.95823643358445859232315755032605","B"
49,"Male","23",5,"8","16.6250000000000000","0","0","0",NULL,"2.6666666666666667","8.65935188105899759318237360378719","C"
50,"Female","21",1,"3","19.3333333333333333","0","0","0",NULL,"1.5000000000000000","5.79271573232758898477294043510048","B"
50,"Female","21",3,"3","11.6666666666666667","0","0","1",NULL,"1.5000000000000000","4.78423336480244124900143321382409","C"
50,"Female","21",4,"3","20.3333333333333333","0","0","1",NULL,"1.5000000000000000","5.24933858267454067979002296587467","B"
51,"Female","23",1,"2","11.5000000000000000","0","0","0",NULL,"2.0000000000000000","5.50000000000000000000000000000000","D"
51,"Female","23",2,"2","14.5000000000000000","2","0","0","14.5000000000000000","2.0000000000000000","7.50000000000000000000000000000000","A"
51,"Female","23",3,"3","23.6666666666666667","0","0","2",NULL,"1.5000000000000000","6.84754619472471239851293223917830","C"
51,"Female","23",4,"4","20.0000000000000000","0","0","2",NULL,"2.0000000000000000","4.74341649025256899799834031664908","D"
51,"Female","23",5,"2","17.0000000000000000","0","0","0",NULL,"2.0000000000000000","1.00000000000000000000000000000000","A"
52,"Female","25",1,"9","20.6666666666666667","0","0","0",NULL,"3.0000000000000000","7.61577310586390828566141102715832","B"
52,"Female","25",2,"5","13.2000000000000000","1","0","2","8.0000000000000000","2.5000000000000000","5.41848687365762656970522177131218","B"
52,"Female","25",3,"5","21.0000000000000000","0","0","1",NULL,"1.6666666666666667","7.56306816047561480655582182111293","A"
52,"Female","25",4,"6","24.6666666666666667","0","0","2",NULL,"2.0000000000000000","3.77123616632825346347116993122586","B"
52,"Female","25",5,"6","15.0000000000000000","0","0","0",NULL,"2.0000000000000000","6.75771164423776420923962517388167","C"
53,"Female","24",1,"4","19.0000000000000000","0","0","0",NULL,"1.3333333333333333","7.51664818918645413543946528154968","B"
53,"Female","24",2,"6","13.6666666666666667","2","0","2","18.5000000000000000","3.0000000000000000","6.42045342808607421972680754494842","C"
53,"Female","24",3,"5","14.8000000000000000","0","0","1",NULL,"1.6666666666666667","4.06939798987516088343873379597558","B"
53,"Female","24",4,"7","15.7142857142857143","0","0","3",NULL,"2.3333333333333333","7.28431359084683547146889158431826","B"
53,"Female","24",5,"7","15.2857142857142857","0","0","0",NULL,"2.3333333333333333","6.36315927180573933956511005590691","A"
54,"Female","20",1,"6","15.8333333333333333","0","0","0",NULL,"2.0000000000000000","7.40307743817093646073017994290151","C"
54,"Female","20",2,"5","17.2000000000000000","1","0","1","17.0000000000000000","2.5000000000000000","8.30421579681067777584899851413643","A"
54,"Female","20",3,"7","13.8571428571428571","0","0","3",NULL,"2.3333333333333333","6.49018096662888412673410055313412","B"
54,"Female","20",4,"5","15.2000000000000000","0","0","1",NULL,"1.6666666666666667","9.26066952223218037884464808956388","A"
54,"Female","20",5,"4","18.7500000000000000","0","0","0",NULL,"1.3333333333333333","5.80409338312194973595113228917370","C"
55,"Male","25",1,"7","10.5714285714285714","0","0","0",NULL,"2.3333333333333333","5.20596204522531364682607205982210","A"
55,"Male","25",2,"5","14.0000000000000000","1","0","2","25.0000000000000000","2.5000000000000000","8.57904423581088664385132773772343","A"
55,"Male","25",3,"4","20.2500000000000000","0","0","2",NULL,"1.3333333333333333","6.41774882649671792217264248117775","C"
55,"Male","25",4,"5","25.4000000000000000","0","0","2",NULL,"1.6666666666666667","3.77359245282264152452826415104906","C"
55,"Male","25",5,"5","17.2000000000000000","0","0","0",NULL,"1.6666666666666667","8.18290901819151353565515853115776","A"
56,"Male","25",1,"4","13.7500000000000000","0","0","0",NULL,"1.3333333333333333","7.08431365765237698372100778591423","A"
56,"Male","25",2,"6","14.8333333333333333","1","0","2","13.0000000000000000","3.0000000000000000","6.36177822799743799920324852751014","B"
56,"Male","25",3,"7","24.2857142857142857","0","0","3",NULL,"2.3333333333333333","3.49343407446785250258466877743527","C"
56,"Male","25",4,"4","12.7500000000000000","0","0","1",NULL,"1.3333333333333333","4.32290411644764566133620130494318","B"
56,"Male","25",5,"6","21.6666666666666667","0","0","0",NULL,"2.0000000000000000","6.67499479816692857589907071610754","A"
57,"Male","19",1,"6","18.6666666666666667","0","0","0",NULL,"2.0000000000000000","6.99205898780101031327635675786625","A"
57,"Male","19",2,"6","18.6666666666666667","1","0","2","22.0000000000000000","3.0000000000000000","5.87839736284946592547429453587640","D"
57,"Male","19",3,"4","14.0000000000000000","0","0","1",NULL,"1.3333333333333333","5.78791845139511273677790505597743","A"
57,"Male","19",4,"4","19.2500000000000000","0","0","1",NULL,"1.3333333333333333","4.26468052730799520084486963450528","C"
57,"Male","19",5,"5","16.2000000000000000","0","0","0",NULL,"1.6666666666666667","7.78203058333748775816691634383721","C"
58,"Female","22",1,"6","20.1666666666666667","0","0","0",NULL,"2.0000000000000000","4.09945795874961444341681839267401","A"
58,"Female","22",2,"5","17.0000000000000000","1","0","1","12.0000000000000000","2.5000000000000000","5.86515131944607205800899641878989","C"
58,"Female","22",3,"6","19.3333333333333333","0","0","2",NULL,"2.0000000000000000","7.99305253885453256932906344027116","D"
58,"Female","22",4,"6","18.3333333333333333","0","0","1",NULL,"2.0000000000000000","8.93805845186128153958450114629150","A"
58,"Female","22",5,"4","16.5000000000000000","0","0","0",NULL,"1.3333333333333333","7.39932429347437102854217151469292","A"
59,"Female","18",1,"4","14.7500000000000000","0","0","0",NULL,"1.3333333333333333","8.49632273398321422308625065923098","D"
59,"Female","18",2,"6","16.3333333333333333","1","0","3","22.0000000000000000","3.0000000000000000","7.18021974284600537500094732205377","B"
59,"Female","18",3,"9","15.8888888888888889","0","0","3",NULL,"3.0000000000000000","7.80945928480247948087923477569638","B"
59,"Female","18",4,"4","20.5000000000000000","0","0","1",NULL,"1.3333333333333333","6.10327780786685147594892762831148","A"
59,"Female","18",5,"6","21.5000000000000000","0","0","0",NULL,"2.0000000000000000","2.98607881119481953077438585010868","A"
60,"Male","22",1,"4","12.7500000000000000","0","0","0",NULL,"1.3333333333333333","0.82915619758884996227873318416767","C"
60,"Male","22",2,"6","19.1666666666666667","2","0","1","9.5000000000000000","3.0000000000000000","8.55212774044499927503952744595599","B"
60,"Male","22",3,"7","18.7142857142857143","0","0","3",NULL,"2.3333333333333333","7.00437181264643591645253592810204","D"
60,"Male","22",4,"9","22.5555555555555556","0","0","3",NULL,"3.0000000000000000","5.59982363037962336603214687239359","C"
60,"Male","22",5,"5","15.8000000000000000","0","0","0",NULL,"1.6666666666666667","5.70613704707484220795603322318069","A"
61,"Male","19",1,"7","10.7142857142857143","0","0","0",NULL,"2.3333333333333333","6.73401357108152879624082406802503","C"
61,"Male","19",2,"5","18.8000000000000000","3","0","1","16.6666666666666667","2.5000000000000000","6.52380257212003619045030715507850","D"
61,"Male","19",3,"6","21.1666666666666667","0","0","1",NULL,"2.0000000000000000","4.25897744639354587048616299912570","D"
61,"Male","19",4,"7","15.7142857142857143","0","0","3",NULL,"2.3333333333333333","5.06287004190552868628317859929609","C"
61,"Male","19",5,"5","22.2000000000000000","0","0","0",NULL,"1.6666666666666667","4.44522215417857378427527194893594","A"
62,"Male","22",1,"1","18.0000000000000000","0","0","0",NULL,"1.00000000000000000000","0","B"
62,"Male","22",2,"4","21.5000000000000000","0","0","2",NULL,"2.0000000000000000","4.09267638593622498497685186236696","C"
62,"Male","22",3,"3","11.0000000000000000","0","0","1",NULL,"1.00000000000000000000","5.71547606649408222912699617431375","D"
62,"Male","22",4,"2","22.0000000000000000","0","0","2",NULL,"2.0000000000000000","2.00000000000000000000000000000000","A"
62,"Male","22",5,"4","21.0000000000000000","0","0","0",NULL,"1.3333333333333333","9.05538513813741662657380816698407","C"
63,"Female","21",1,"6","14.1666666666666667","0","0","0",NULL,"2.0000000000000000","6.89000886953146252785612849722059","A"
63,"Female","21",2,"7","18.8571428571428571","2","0","3","23.0000000000000000","3.5000000000000000","7.35679610833356158024045473676786","A"
63,"Female","21",3,"7","16.5714285714285714","0","0","3",NULL,"2.3333333333333333","8.08626954176280326684628032367655","A"
63,"Female","21",4,"4","19.7500000000000000","0","0","2",NULL,"1.3333333333333333","5.62916512459885120396420060989409","B"
63,"Female","21",5,"3","17.0000000000000000","0","0","0",NULL,"1.00000000000000000000","4.96655480858377990644393868204132","B"
64,"Male","21",1,"6","15.3333333333333333","0","0","0",NULL,"2.0000000000000000","4.38431547932196847998749573104303","D"
64,"Male","21",2,"8","14.8750000000000000","2","0","3","8.5000000000000000","4.0000000000000000","7.02562274819819798157775476105727","D"
64,"Male","21",3,"7","18.7142857142857143","0","0","3",NULL,"2.3333333333333333","7.22523920937245241213930548490017","A"
64,"Male","21",4,"4","20.7500000000000000","0","0","1",NULL,"1.3333333333333333","6.83282518435822416145921957851650","D"
64,"Male","21",5,"5","18.6000000000000000","0","0","0",NULL,"1.6666666666666667","8.95767827062347668463489461894442","D"
65,"Female","18",1,"5","19.0000000000000000","0","0","0",NULL,"1.6666666666666667","7.72010362624751300688944517228819","B"
65,"Female","18",2,"6","14.5000000000000000","2","0","1","15.5000000000000000","3.0000000000000000","8.50000000000000000000000000000000","D"
65,"Female","18",3,"7","17.5714285714285714","0","0","1",NULL,"2.3333333333333333","5.55124549363584215987715537526419","B"
65,"Female","18",4,"4","14.0000000000000000","0","0","1",NULL,"1.3333333333333333","6.81909084849292794637929877596480","B"
65,"Female","18",5,"6","19.5000000000000000","0","0","0",NULL,"2.0000000000000000","9.51752769017948974484681098757214","A"
66,"Male","20",1,"5","17.8000000000000000","0","0","0",NULL,"1.6666666666666667","10.12719112093773018471091429844972","B"
66,"Male","20",2,"5","23.8000000000000000","1","0","2","26.0000000000000000","2.5000000000000000","4.11825205639480012631894778567902","C"
66,"Male","20",3,"6","18.6666666666666667","0","0","2",NULL,"2.0000000000000000","8.99382504215469431036687040766370","B"
66,"Male","20",4,"6","23.6666666666666667","0","0","2",NULL,"2.0000000000000000","4.10960933531265096683346158763616","A"
66,"Male","20",5,"3","15.6666666666666667","0","0","0",NULL,"1.00000000000000000000","2.49443825784929425705583248821103","D"
67,"Female","25",1,"7","21.2857142857142857","0","0","0",NULL,"2.3333333333333333","6.86011840202455385924885206401910","D"
67,"Female","25",2,"5","15.4000000000000000","1","0","2","21.0000000000000000","2.5000000000000000","5.57135531087364773538709557140532","D"
67,"Female","25",3,"5","13.4000000000000000","0","0","2",NULL,"1.6666666666666667","5.16139516022557606303768412102983","B"
67,"Female","25",4,"4","12.7500000000000000","0","0","1",NULL,"1.3333333333333333","5.40254569624357735519842885490279","D"
67,"Female","25",5,"4","12.7500000000000000","0","0","0",NULL,"1.3333333333333333","4.96865172858794763001089916443069","B"
68,"Male","23",1,"7","19.1428571428571429","0","0","0",NULL,"2.3333333333333333","6.40153042925945122602522783926903","A"
68,"Male","23",2,"7","21.8571428571428571","2","0","2","16.5000000000000000","3.5000000000000000","4.35655733770768749623485086428878","C"
68,"Male","23",3,"4","20.5000000000000000","0","0","1",NULL,"1.3333333333333333","5.59016994374947424102293417182819","D"
68,"Male","23",4,"6","18.6666666666666667","0","0","1",NULL,"2.0000000000000000","9.12262145560267244733871335141577","D"
68,"Male","23",5,"6","12.1666666666666667","0","0","0",NULL,"2.0000000000000000","6.71854812358212471030551102525314","A"
69,"Female","18",1,"6","13.6666666666666667","0","0","0",NULL,"2.0000000000000000","8.05536398239638137885522617787190","C"
69,"Female","18",2,"8","13.6250000000000000","3","0","3","14.6666666666666667","4.0000000000000000","4.92284216687880416956960216623235","B"
69,"Female","18",3,"6","23.0000000000000000","0","0","2",NULL,"2.0000000000000000","7.18795288428260822491131393300040","A"
69,"Female","18",4,"7","14.2857142857142857","0","0","2",NULL,"2.3333333333333333","4.29997626951211754460885442442257","A"
69,"Female","18",5,"5","19.8000000000000000","0","0","0",NULL,"1.6666666666666667","1.60000000000000000000000000000000","D"
70,"Male","21",1,"2","26.0000000000000000","0","0","0",NULL,"2.0000000000000000","3.00000000000000000000000000000000","C"
70,"Male","21",3,"1","5.0000000000000000","0","0","0",NULL,"1.00000000000000000000","0","C"
70,"Male","21",5,"2","14.5000000000000000","0","0","0",NULL,"2.0000000000000000","3.50000000000000000000000000000000","D"
71,"Female","20",1,"4","14.0000000000000000","0","0","0",NULL,"1.3333333333333333","1.58113883008418966599944677221636","C"
71,"Female","20",2,"4","17.7500000000000000","1","0","1","12.0000000000000000","2.0000000000000000","5.84700778176324988547312569518926","A"
71,"Female","20",3,"4","14.7500000000000000","0","0","1",NULL,"1.3333333333333333","6.90561365846656672056343956964981","B"
71,"Female","20",4,"4","14.0000000000000000","0","0","2",NULL,"1.3333333333333333","5.91607978309961604256732829156162","D"
71,"Female","20",5,"8","18.8750000000000000","0","0","0",NULL,"2.6666666666666667","8.57959060794861003838688983933891","A"
72,"Male","19",1,"7","24.4285714285714286","0","0","0",NULL,"2.3333333333333333","4.16986271980754977066649992186403","A"
72,"Male","19",2,"7","19.0000000000000000","3","0","3","16.3333333333333333","3.5000000000000000","7.17137165600636183981290307815875","B"
72,"Male","19",3,"6","17.1666666666666667","0","0","2",NULL,"2.0000000000000000","6.36177822799743799920324852751014","B"
72,"Male","19",4,"9","17.7777777777777778","0","0","3",NULL,"3.0000000000000000","7.87087144374437215238839515770117","D"
72,"Male","19",5,"5","19.2000000000000000","0","0","0",NULL,"1.6666666666666667","4.79165942028437576224054029552147","A"
73,"Female","22",1,"7","18.0000000000000000","0","0","0",NULL,"2.3333333333333333","3.89138242053606739283869829647741","C"
73,"Female","22",2,"5","21.2000000000000000","1","0","1","28.0000000000000000","2.5000000000000000","5.34415568635495498510763323583190","C"
73,"Female","22",3,"4","15.0000000000000000","0","0","1",NULL,"1.3333333333333333","8.33666600026653340795522814170819","A"
73,"Female","22",4,"7","18.8571428571428571","0","0","3",NULL,"2.3333333333333333","6.24336382383204493942709652874069","C"
73,"Female","22",5,"7","13.5714285714285714","0","0","0",NULL,"2.3333333333333333","9.63412302862135163100872879075881","C"
74,"Female","19",1,"6","17.0000000000000000","0","0","0",NULL,"2.0000000000000000","7.34846922834953429459185222411767","C"
74,"Female","19",2,"5","14.6000000000000000","3","0","1","17.0000000000000000","2.5000000000000000","7.70973410695855321077665552776910","D"
74,"Female","19",3,"4","14.2500000000000000","0","0","2",NULL,"1.3333333333333333","5.62916512459885120396420060989409","B"
74,"Female","19",4,"7","12.1428571428571429","0","0","3",NULL,"2.3333333333333333","5.64240504518042829069670315534946","A"
74,"Female","19",5,"6","14.1666666666666667","0","0","0",NULL,"2.0000000000000000","6.22941053034358585253149982374783","B"
75,"Male","18",1,"6","17.0000000000000000","0","0","0",NULL,"2.0000000000000000","7.52772652709080994990683328656372","A"
75,"Male","18",2,"6","14.8333333333333333","1","0","2","16.0000000000000000","3.0000000000000000","3.53160335006951512861960982525334","D"
75,"Male","18",3,"6","13.8333333333333333","0","0","2",NULL,"2.0000000000000000","5.42883249163411029463831419185852","A"
75,"Male","18",4,"4","17.5000000000000000","0","0","2",NULL,"1.3333333333333333","7.12390342438750358442884479030627","A"
75,"Male","18",5,"8","17.0000000000000000","0","0","0",NULL,"2.6666666666666667","5.61248608016091207837562309847482","A"
76,"Male","24",1,"6","12.3333333333333333","0","0","0",NULL,"2.0000000000000000","2.74873708374510703321427323731605","C"
76,"Male","24",2,"6","19.5000000000000000","2","0","2","14.5000000000000000","3.0000000000000000","5.09084144976708802889671791687634","A"
76,"Male","24",3,"6","15.0000000000000000","0","0","2",NULL,"2.0000000000000000","8.16496580927726032732428024901964","D"
76,"Male","24",4,"5","15.2000000000000000","0","0","2",NULL,"1.6666666666666667","8.77268487978452352661922867845103","B"
76,"Male","24",5,"8","16.1250000000000000","0","0","0",NULL,"2.6666666666666667","6.41165930161608009937367423066353","B"
77,"Male","23",1,"5","16.8000000000000000","0","0","0",NULL,"1.6666666666666667","7.30479294709986971578634849154669","D"
77,"Male","23",2,"7","22.7142857142857143","3","0","2","20.6666666666666667","3.5000000000000000","4.46299981480380251093127013471949","A"
77,"Male","23",3,"7","16.8571428571428571","0","0","2",NULL,"2.3333333333333333","5.24890659167823878185132301722691","C"
77,"Male","23",4,"5","13.0000000000000000","0","0","2",NULL,"1.6666666666666667","5.40370243444251841234936674297375","C"
77,"Male","23",5,"4","21.2500000000000000","0","0","0",NULL,"1.3333333333333333","6.45658578507247900098912313874070","D"
78,"Male","24",1,"5","12.0000000000000000","0","0","0",NULL,"1.6666666666666667","4.77493455452532877958729292285682","A"
78,"Male","24",2,"4","16.2500000000000000","2","0","1","16.0000000000000000","2.0000000000000000","7.94905654779232275653682204517056","C"
78,"Male","24",3,"7","16.5714285714285714","0","0","1",NULL,"2.3333333333333333","5.31459292506807838856097529191775","C"
78,"Male","24",4,"5","14.4000000000000000","0","0","3",NULL,"1.6666666666666667","8.26075057122535324889361169849642","D"
78,"Male","24",5,"4","15.7500000000000000","0","0","0",NULL,"1.3333333333333333","6.68487097856046882133899837702349","B"
79,"Female","20",1,"4","15.5000000000000000","0","0","0",NULL,"1.3333333333333333","7.79422863405994782087350853677643","A"
79,"Female","20",2,"7","14.7142857142857143","3","0","3","20.0000000000000000","3.5000000000000000","6.01698276818648211960900702528267","C"
79,"Female","20",3,"7","20.0000000000000000","0","0","2",NULL,"2.3333333333333333","7.05083581671603769345248187068557","D"
79,"Female","20",4,"5","17.6000000000000000","0","0","2",NULL,"1.6666666666666667","9.17823512446701269405080339624101","D"
79,"Female","20",5,"7","18.7142857142857143","0","0","0",NULL,"2.3333333333333333","8.87555689543375259259566062295027","C"
80,"Female","19",2,"1","11.0000000000000000","0","0","1",NULL,"1.00000000000000000000","0","A"
80,"Female","19",5,"1","24.0000000000000000","0","0","0",NULL,"1.00000000000000000000","0","B"
81,"Female","19",1,"5","19.0000000000000000","0","0","0",NULL,"1.6666666666666667","3.63318042491698999850703937166183","B"
81,"Female","19",2,"5","14.4000000000000000","2","0","2","17.0000000000000000","2.5000000000000000","7.25534285888682175929318068122399","A"
81,"Female","19",3,"6","18.1666666666666667","0","0","2",NULL,"2.0000000000000000","6.46572158042360772015921787147051","A"
81,"Female","19",4,"6","16.5000000000000000","0","0","3",NULL,"2.0000000000000000","4.50000000000000000000000000000000","C"
81,"Female","19",5,"6","16.5000000000000000","0","0","0",NULL,"2.0000000000000000","4.38748219369606103020319415370815","C"
82,"Male","24",2,"2","26.5000000000000000","0","0","1",NULL,"1.00000000000000000000","2.50000000000000000000000000000000","D"
82,"Male","24",3,"2","20.5000000000000000","0","0","1",NULL,"1.00000000000000000000","1.50000000000000000000000000000000","D"
82,"Male","24",4,"2","17.0000000000000000","0","0","0",NULL,"2.0000000000000000","3.00000000000000000000000000000000","D"
82,"Male","24",5,"2","18.5000000000000000","0","0","0",NULL,"2.0000000000000000","10.50000000000000000000000000000000","A"
83,"Female","24",1,"1","29.0000000000000000","0","0","0",NULL,"1.00000000000000000000","0","A"
83,"Female","24",2,"4","14.5000000000000000","2","0","2","16.5000000000000000","2.0000000000000000","9.91211380079950454157219182088110","D"
83,"Female","24",3,"4","24.2500000000000000","0","0","2",NULL,"1.3333333333333333","3.26917420765550516417773648789471","A"
83,"Female","24",4,"6","15.1666666666666667","0","0","2",NULL,"2.0000000000000000","6.22941053034358585253149982374783","B"
83,"Female","24",5,"1","22.0000000000000000","0","0","0",NULL,"1.00000000000000000000","0","B"
84,"Male","18",1,"6","13.1666666666666667","0","0","0",NULL,"2.0000000000000000","4.74048755110929726215520614608482","B"
84,"Male","18",2,"6","20.3333333333333333","3","0","1","19.3333333333333333","3.0000000000000000","5.64702478203247208743060855691024","B"
84,"Male","18",3,"6","20.3333333333333333","0","0","3",NULL,"2.0000000000000000","4.64279609239470644615591297617110","D"
84,"Male","18",4,"7","18.2857142857142857","0","0","2",NULL,"2.3333333333333333","6.40790328343022967378343943735413","C"
84,"Male","18",5,"6","18.6666666666666667","0","0","0",NULL,"2.0000000000000000","8.82546819658248436480738074451976","C"
85,"Female","18",1,"3","12.0000000000000000","0","0","0",NULL,"1.00000000000000000000","4.54606056566195196425286585064320","B"
85,"Female","18",2,"7","16.1428571428571429","3","0","1","16.3333333333333333","3.5000000000000000","9.24937946070779741290998303370882","A"
85,"Female","18",3,"6","20.8333333333333333","0","0","2",NULL,"2.0000000000000000","6.49144736471681551667396870569036","A"
85,"Female","18",4,"6","14.0000000000000000","0","0","2",NULL,"2.0000000000000000","5.35412613473633684683421717784478","B"
85,"Female","18",5,"4","18.0000000000000000","0","0","0",NULL,"1.3333333333333333","4.12310562561766054982140985597408","C"
86,"Male","20",1,"8","18.3750000000000000","0","0","0",NULL,"2.6666666666666667","7.51560875777870704349076957548829","D"
86,"Male","20",2,"4","18.7500000000000000","1","0","2","17.0000000000000000","2.0000000000000000","6.86931583201704302012938146235644","A"
86,"Male","20",3,"4","15.0000000000000000","0","0","1",NULL,"1.3333333333333333","3.31662479035539984911493273667069","A"
86,"Male","20",4,"5","20.4000000000000000","0","0","2",NULL,"1.6666666666666667","5.57135531087364773538709557140532","D"
86,"Male","20",5,"6","9.8333333333333333","0","0","0",NULL,"2.0000000000000000","4.05859855396197348793279743116498","C"
87,"Male","19",1,"6","18.1666666666666667","0","0","0",NULL,"2.0000000000000000","5.45944645138639999423691119926045","B"
87,"Male","19",2,"5","16.8000000000000000","2","0","1","16.0000000000000000","2.5000000000000000","6.07947366142826545266749768241586","B"
87,"Male","19",3,"7","15.4285714285714286","0","0","2",NULL,"2.3333333333333333","9.30218319777126079277315194856219","B"
87,"Male","19",4,"6","21.3333333333333333","0","0","1",NULL,"2.0000000000000000","5.99073358520380948586677557806634","D"
87,"Male","19",5,"5","20.0000000000000000","0","0","0",NULL,"1.6666666666666667","7.87400787401181101968503444881201","B"
88,"Male","19",1,"3","23.0000000000000000","0","0","0",NULL,"1.00000000000000000000","3.55902608401043707027050798853190","D"
88,"Male","19",2,"6","21.0000000000000000","2","0","1","20.5000000000000000","3.0000000000000000","6.50640709864771167880846632158187","A"
88,"Male","19",3,"5","21.0000000000000000","0","0","3",NULL,"1.6666666666666667","6.72309452558864443636938882155099","D"
88,"Male","19",4,"6","10.3333333333333333","0","0","2",NULL,"2.0000000000000000","4.45969605341988400500896045159544","A"
88,"Male","19",5,"7","15.4285714285714286","0","0","0",NULL,"2.3333333333333333","7.78014217382291537669026859250955","D"
89,"Male","22",1,"9","14.1111111111111111","0","0","0",NULL,"3.0000000000000000","7.06233270314253484546267679763440","A"
89,"Male","22",2,"7","18.4285714285714286","2","0","2","18.0000000000000000","3.5000000000000000","9.05313115300277684843245488688433","C"
89,"Male","22",3,"7","14.1428571428571429","0","0","1",NULL,"2.3333333333333333","7.35679610833356158024045473676786","B"
89,"Male","22",4,"4","16.2500000000000000","0","0","2",NULL,"1.3333333333333333","5.26189129496229710927528563586860","A"
89,"Male","22",5,"7","18.8571428571428571","0","0","0",NULL,"2.3333333333333333","7.31785627135182707027224877099636","A"
90,"Female","18",2,"2","14.5000000000000000","0","0","0",NULL,"2.0000000000000000","9.50000000000000000000000000000000","A"
90,"Female","18",3,"4","11.2500000000000000","0","0","2",NULL,"2.0000000000000000","6.21992765231236431621941545164718","D"
90,"Female","18",4,"3","16.3333333333333333","0","0","2",NULL,"1.5000000000000000","8.65383665716477970135678610942550","A"
90,"Female","18",5,"4","18.7500000000000000","0","0","0",NULL,"2.0000000000000000","7.01338006955276879068383244239418","A"
91,"Male","22",1,"1","28.0000000000000000","0","0","0",NULL,"1.00000000000000000000","0","A"
91,"Male","22",2,"2","13.0000000000000000","1","0","1","12.0000000000000000","1.00000000000000000000","1.00000000000000000000000000000000","A"
91,"Male","22",3,"2","17.0000000000000000","0","0","1",NULL,"1.00000000000000000000","2.00000000000000000000000000000000","A"
91,"Male","22",4,"2","11.0000000000000000","0","0","0",NULL,"2.0000000000000000","5.00000000000000000000000000000000","A"
91,"Male","22",5,"4","14.2500000000000000","0","0","0",NULL,"2.0000000000000000","7.59522876548165598437824061463359","B"
92,"Male","25",1,"2","14.5000000000000000","0","0","0",NULL,"2.0000000000000000","3.50000000000000000000000000000000","B"
92,"Male","25",2,"4","19.2500000000000000","0","0","2",NULL,"2.0000000000000000","7.36121593216772849749164695139996","C"
92,"Male","25",3,"4","13.2500000000000000","0","0","2",NULL,"2.0000000000000000","7.39509972887452005320916036445202","D"
92,"Male","25",5,"2","20.5000000000000000","0","0","0",NULL,"1.00000000000000000000","0.50000000000000000000000000000000","C"
93,"Female","21",1,"7","18.2857142857142857","0","0","0",NULL,"2.3333333333333333","8.64728340024088910125249259962347","B"
93,"Female","21",2,"6","15.3333333333333333","3","0","2","15.0000000000000000","3.0000000000000000","7.63034876150639802602895619212812","A"
93,"Female","21",3,"4","18.0000000000000000","0","0","1",NULL,"1.3333333333333333","1.58113883008418966599944677221636","B"
93,"Female","21",4,"7","17.4285714285714286","0","0","2",NULL,"2.3333333333333333","7.99744857273051726843717084779533","A"
93,"Female","21",5,"3","17.0000000000000000","0","0","0",NULL,"1.00000000000000000000","7.25718035235908042171650083289859","B"
94,"Female","23",1,"3","20.0000000000000000","0","0","0",NULL,"1.00000000000000000000","4.32049379893857348731064495739200","A"
94,"Female","23",2,"7","15.1428571428571429","3","0","3","15.3333333333333333","3.5000000000000000","4.01527694930148457557902123698670","B"
94,"Female","23",3,"7","21.5714285714285714","0","0","2",NULL,"2.3333333333333333","7.57547061917877260052367530687138","C"
94,"Female","23",4,"5","15.6000000000000000","0","0","2",NULL,"1.6666666666666667","6.11882341631134179603386893082734","B"
94,"Female","23",5,"6","17.3333333333333333","0","0","0",NULL,"2.0000000000000000","8.55699843532895722956352330823700","A"
95,"Female","23",1,"5","16.6000000000000000","0","0","0",NULL,"1.6666666666666667","5.35163526410386080601075254191452","A"
95,"Female","23",2,"8","18.5000000000000000","3","0","2","18.3333333333333333","4.0000000000000000","6.48074069840786023096596743608800","C"
95,"Female","23",3,"3","14.6666666666666667","0","0","1",NULL,"1.00000000000000000000","3.09120616516523458417213869133006","B"
95,"Female","23",4,"6","18.1666666666666667","0","0","3",NULL,"2.0000000000000000","7.90393713425291751429549356997611","A"
95,"Female","23",5,"6","14.5000000000000000","0","0","0",NULL,"2.0000000000000000","6.84957419601150584300251693209365","D"
96,"Female","25",1,"6","22.5000000000000000","0","0","0",NULL,"2.0000000000000000","7.32006375199924972165278846675376","B"
96,"Female","25",2,"7","22.7142857142857143","3","0","3","24.6666666666666667","3.5000000000000000","3.73073281634302719871945045415331","A"
96,"Female","25",3,"7","19.2857142857142857","0","0","3",NULL,"2.3333333333333333","7.62915995589639352689953363045591","A"
96,"Female","25",4,"3","21.3333333333333333","0","0","1",NULL,"1.00000000000000000000","6.94422221866655288433757387821280","C"
96,"Female","25",5,"7","20.4285714285714286","0","0","0",NULL,"2.3333333333333333","6.27596646756822756102273241191556","A"
97,"Female","23",1,"6","14.3333333333333333","0","0","0",NULL,"2.0000000000000000","7.65216018883266423452858236402176","A"
97,"Female","23",2,"7","12.2857142857142857","2","0","2","9.5000000000000000","3.5000000000000000","5.09100848034441752786919912959461","A"
97,"Female","23",3,"4","20.5000000000000000","0","0","2",NULL,"1.3333333333333333","6.10327780786685147594892762831148","C"
97,"Female","23",4,"5","25.8000000000000000","0","0","2",NULL,"1.6666666666666667","4.11825205639480012631894778567902","D"
97,"Female","23",5,"7","22.8571428571428571","0","0","0",NULL,"2.3333333333333333","8.33972543961509954133299984372806","C"
98,"Female","24",1,"4","18.7500000000000000","0","0","0",NULL,"1.3333333333333333","4.32290411644764566133620130494318","D"
98,"Female","24",2,"5","19.4000000000000000","1","0","2","21.0000000000000000","2.5000000000000000","7.47261667690776173938832779387322","C"
98,"Female","24",3,"3","18.0000000000000000","0","0","1",NULL,"1.00000000000000000000","4.24264068711928514640506617262909","B"
98,"Female","24",4,"7","17.2857142857142857","0","0","2",NULL,"2.3333333333333333","6.18094504365255307391866502994942","D"
98,"Female","24",5,"7","17.0000000000000000","0","0","0",NULL,"2.3333333333333333","8.58570240075241102493537182023927","A"
99,"Female","21",1,"7","15.7142857142857143","0","0","0",NULL,"2.3333333333333333","7.24498419034626651398224857309014","B"
99,"Female","21",2,"5","23.6000000000000000","3","0","1","23.3333333333333333","2.5000000000000000","2.93938769133981371783674088964707","C"
99,"Female","21",3,"6","14.5000000000000000","0","0","2",NULL,"2.0000000000000000","8.42120339777318682634526852517922","C"
99,"Female","21",4,"5","16.4000000000000000","0","0","2",NULL,"1.6666666666666667","8.59302042357633408179482916528393","D"
99,"Female","21",5,"6","17.5000000000000000","0","0","0",NULL,"2.0000000000000000","7.91096285753721215973879628270653","D"
100,"Female","21",1,"9","19.1111111111111111","0","0","0",NULL,"3.0000000000000000","6.08174763706844829822580890094385","A"
100,"Female","21",2,"5","19.4000000000000000","2","0","1","18.0000000000000000","2.5000000000000000","5.42586398650021451125164506130078","C"
100,"Female","21",3,"6","14.3333333333333333","0","0","1",NULL,"2.0000000000000000","7.49814791946799501268969317130377","C"
100,"Female","21",4,"6","15.1666666666666667","0","0","3",NULL,"2.0000000000000000","8.93339552217159785794638802127717","C"
100,"Female","21",5,"8","15.3750000000000000","0","0","0",NULL,"2.6666666666666667","6.98100100272160109936905090372521","D"
